panel,inference_engine,h2,K,trend_R,span,target_frac,n_fam,reps,mid,slope,n_cases,case_frac,corr_cc,corr_count,corr_ltfh,corr_fh_age_cohort,corr_fh_age_single_k,corr_adult,corr_adult_single_k,corr_fh_onset_interval,corr_fh_onset_pin,squared_corr_ratio_ltfh_vs_case_control,squared_corr_ratio_fh_age_cohort_vs_ltfh,squared_corr_ratio_onset_interval_vs_ltfh,squared_corr_ratio_onset_pin_vs_ltfh,rmse_fh_age_cohort,rmse_fh_age_single_k,mean_error_fh_age_cohort,mean_error_fh_age_single_k,mean_shift_fh_age_single_k_minus_cohort,corr_fh_onset_pin_gibbs,onset_pin_pa_gibbs_agree,case_frac_se,corr_cc_se,corr_count_se,corr_ltfh_se,corr_fh_age_cohort_se,corr_fh_age_single_k_se,corr_adult_se,corr_adult_single_k_se,corr_fh_onset_interval_se,corr_fh_onset_pin_se,squared_corr_ratio_ltfh_vs_case_control_se,squared_corr_ratio_fh_age_cohort_vs_ltfh_se,squared_corr_ratio_onset_interval_vs_ltfh_se,squared_corr_ratio_onset_pin_vs_ltfh_se,rmse_fh_age_cohort_se,rmse_fh_age_single_k_se,mean_error_fh_age_cohort_se,mean_error_fh_age_single_k_se,mean_shift_fh_age_single_k_minus_cohort_se
ascertain,PA,0.5,0.05,1.0,,0.0,4000,3,60.0,0.125,,0.021500000000000002,0.232272705149935,0.26817743370951685,0.3462426191062627,0.3502683888859915,0.3502683888859915,,,,,2.233495998935122,1.0234664670794864,,,0.6571991119921319,0.6571991119921319,-0.003679321966442765,-0.003679321966442765,0.0,,,0.0015069284433354272,0.007789246867986374,0.010873149860934739,0.0044411260515953175,0.004010419111290801,0.004010419111290801,,,,,0.12704326682807043,0.002868207982584305,,,0.002066243357465595,0.002066243357465595,0.008700586693110456,0.008700586693110456,0.0
ascertain,PA,0.5,0.05,1.0,,0.1,4000,3,60.0,0.125,,0.10000000000000002,0.4711506312074256,0.3100142734377999,0.5250196701597957,0.5307501643669535,0.5307501643669535,,,,,1.2423376642572788,1.0219742396440588,,,0.6448236285168346,0.6448236285168346,-0.0030399951694001517,-0.0030399951694001517,0.0,,,9.813077866773593e-18,0.0069923039930688624,0.008746831586497283,0.004797643159254636,0.0045133462720300405,0.0045133462720300405,,,,,0.01781007990314092,0.001708890511712718,,,0.003747910411798792,0.003747910411798792,0.007745361521965349,0.007745361521965349,0.0
ascertain,PA,0.5,0.05,1.0,,0.25,4000,3,60.0,0.125,,0.25,0.6212146373780078,0.35073488304361894,0.653591831272491,0.66343280335883,0.66343280335883,,,,,1.1070085160481333,1.0303549187489696,,,0.6202037670771912,0.6202037670771912,0.001330555271869941,0.001330555271869941,0.0,,,0.0,0.0022818714949799676,0.011923313493267255,0.0025789994801318768,0.0021131443570212827,0.0021131443570212827,,,,,0.008066316835543597,0.0018951330910397135,,,0.003917158722675852,0.003917158722675852,0.006186294575395002,0.006186294575395002,0.0
ascertain,PA,0.5,0.05,1.0,,0.5,4000,3,60.0,0.125,,0.5,0.6944660081335626,0.36701114174269733,0.7221842474973936,0.73810439279535,0.73810439279535,,,,,1.08141692597524,1.0445915935909602,,,0.5777989209092844,0.5777989209092844,0.006717864972543095,0.006717864972543095,0.0,,,0.0,0.0029191042675290406,0.010119976044661305,0.0035120944832165765,0.003054870065557729,0.003054870065557729,,,,,0.00343572873143851,0.0017972738892885031,,,0.0031970557956797997,0.0031970557956797997,0.004769647897643821,0.004769647897643821,0.0
h2,PA,0.2,0.05,1.0,,0.5,4000,3,60.0,0.125,,0.5,0.48734024470463533,0.22096593119927657,0.5173518958210068,0.5304180384290099,0.5304180384290099,,,,,1.126999857320451,1.0511052718736813,,,0.4121949281330883,0.4121949281330883,0.0015852923316824823,0.0015852923316824823,0.0,,,0.0,0.007422993843314506,0.009782679038849149,0.007643280873116873,0.00823879146437677,0.00823879146437677,,,,,0.00380542540785676,0.002028167566305035,,,0.005116504155620764,0.005116504155620764,0.002038835908740594,0.002038835908740594,0.0
h2,PA,0.4,0.05,1.0,,0.5,4000,3,60.0,0.125,,0.5,0.6465663935721496,0.32942058048573214,0.6779557604499743,0.6926893651354041,0.6926893651354041,,,,,1.0994900676719626,1.0438818892450896,,,0.5331701390188747,0.5331701390188747,0.005402277811978928,0.005402277811978928,0.0,,,0.0,0.005515768284647251,0.006152315108867891,0.005658332101011659,0.007018902582549284,0.007018902582549284,,,,,0.005790498162322089,0.003703351539354089,,,0.004271537497946338,0.004271537497946338,0.004483608289682034,0.004483608289682034,0.0
h2,PA,0.6,0.05,1.0,,0.5,4000,3,60.0,0.125,,0.5,0.7408247759904117,0.4116139036018534,0.7695158882081481,0.7845012678789484,0.7845012678789484,,,,,1.0789975545130077,1.0393491843691802,,,0.5998599226936969,0.5998599226936969,0.008014690533009723,0.008014690533009723,0.0,,,0.0,0.0020357671747840787,0.00545249024123078,0.0022498640998631823,0.0013871041852575124,0.0013871041852575124,,,,,0.0067944013306236156,0.003397334208371017,,,0.0025451749218989004,0.0025451749218989004,0.006012872495237023,0.006012872495237023,0.0
h2,PA,0.8,0.05,1.0,,0.5,4000,3,60.0,0.125,,0.5,0.8068155947273442,0.4655281624489824,0.8277267011860241,0.8456260113679388,0.8456260113679388,,,,,1.0525105025030828,1.0437201710935644,,,0.6334120486467371,0.6334120486467371,0.0048911618684700136,0.0048911618684700136,0.0,,,0.0,0.0003181800439009423,0.0005522446856334487,0.001007476284129787,0.0006522659648219475,0.0006522659648219475,,,,,0.002385238215670832,0.001196188644251796,,,0.004508479539963757,0.004508479539963757,0.005523488797373212,0.005523488797373212,0.0
trend,PA,0.5,0.05,1.0,,0.5,4000,3,60.0,0.125,,0.5,0.697531870006722,0.3570321677207342,0.7264893264853091,0.7439573871930726,0.7439573871930726,,,,,1.084753831004943,1.0487089725456624,,,0.5772177832972561,0.5772177832972561,0.004976941481370578,0.004976941481370578,0.0,,,0.0,0.005306942859842544,0.002572735963779897,0.0056906576353388996,0.004964604001972371,0.004964604001972371,,,,,0.0031726934739647367,0.002631629494146797,,,0.004599589920475007,0.004599589920475007,0.005734880473891737,0.005734880473891737,0.0
trend,PA,0.5,0.05,1.5,,0.5,4000,3,60.0,0.125,,0.5,0.7051581268676133,0.3211143296366316,0.7269153903091894,0.7419993455237016,0.741606064821645,,,,,1.062665570958248,1.0419441077064537,,,0.5835400434586238,0.5850625538821425,0.003483913359202059,-0.03688950930108792,-0.04037342266028995,,,0.0,0.004208337121318856,0.0027790467222933435,0.0042199857449488586,0.0039619232264868935,0.0040851747976081735,,,,,0.0007756827610711989,0.0011901376721490352,,,0.00380166426791061,0.003457765769033347,0.007085731638980821,0.007135077975235608,0.00014380625175582014
trend,PA,0.5,0.05,2.0,,0.5,4000,3,60.0,0.125,,0.5,0.7082843830014749,0.30031828903863217,0.7276039109410003,0.7418336667375259,0.7408059161641766,,,,,1.055318328627436,1.0395062994104594,,,0.5861105225647494,0.5895571230103589,0.003989142292319316,-0.05399586149362679,-0.05798500378594614,,,0.0,0.004128338593136982,0.007849547235574185,0.003730556276596821,0.003478234396368621,0.0038254220699947676,,,,,0.0022858976623345902,0.0009253237970373261,,,0.003180284619076072,0.0028891030331937863,0.006464756428819868,0.00644871112747335,0.00017305829628450254
trend,PA,0.5,0.05,3.0,,0.5,4000,3,60.0,0.125,,0.5,0.7127007544710823,0.2810417572336641,0.728835457987787,0.7418508186711473,0.7398961883493085,,,,,1.0458144371986482,1.0360405805806276,,,0.5898551298414797,0.5957728344649983,0.004095263267427626,-0.06925916800131732,-0.07335443126874501,,,0.0,0.003309087783190607,0.009842874952843493,0.0027265174246516558,0.002503635012888515,0.003244775370003502,,,,,0.0029618292235663174,0.000889335134033333,,,0.0028928881115430167,0.002876992126132458,0.005710087296324654,0.005687163227799565,0.0002469016790809274
cohortspan,closed-form,0.5,0.05,3.0,10,,20000,3,60.0,0.125,595,,,,,,,0.38668817310326536,0.37800011546043666,,,,,,,,,,,,,,,,,,,,0.02117473779620765,0.024624709434052563,,,,,,,,,,,
cohortspan,closed-form,0.5,0.05,3.0,25,,20000,3,60.0,0.125,664,,,,,,,0.42713405473714977,0.3739176734193869,,,,,,,,,,,,,,,,,,,,0.015484444017324914,0.023476963726420625,,,,,,,,,,,
cohortspan,closed-form,0.5,0.05,3.0,40,,20000,3,60.0,0.125,817,,,,,,,0.4768212746154132,0.3826443314441453,,,,,,,,,,,,,,,,,,,,0.01507215518848585,0.01759783457014078,,,,,,,,,,,
cohortspan,closed-form,0.5,0.05,3.0,55,,20000,3,60.0,0.125,1071,,,,,,,0.5120649770299963,0.3971418937532241,,,,,,,,,,,,,,,,,,,,0.007188079732977633,0.017345164500822626,,,,,,,,,,,
onset,PA,0.5,0.02,,,,3000,3,60.0,0.125,,,,,0.3279450006954992,,,,,0.33005490167213036,0.33002166890448925,,,1.0127228502959917,1.0124954846180192,,,,,,0.35839012629187456,0.9998153067602411,,,,0.013528350344571949,,,,,0.014015218000446649,0.014076542736240311,,,0.003491493972556376,0.004545264197837997,,,,,
onset,PA,0.5,0.05,,,,3000,3,60.0,0.125,,,,,0.43093992829038125,,,,,0.4359567384036794,0.4361396214070757,,,1.023472460546185,1.024354839221618,,,,,,0.4384009058325377,0.9998956599488663,,,,0.0010690184062864933,,,,,0.0009432932180056858,0.0012132506051389124,,,0.00722962591395714,0.009113713808263124,,,,,
onset,PA,0.5,0.15,,,,3000,3,60.0,0.125,,,,,0.5749437233133902,,,,,0.5854819038710147,0.5864798304759065,,,1.0369924255183833,1.0405315098332413,,,,,,0.592167065025691,0.9999534344341212,,,,0.0030652296141187928,,,,,0.0034418448842829293,0.003607584185347746,,,0.003380863936443767,0.004437194620919475,,,,,
onset,PA,0.5,0.3,,,,3000,3,60.0,0.125,,,,,0.6417775715029869,,,,,0.6649677315724455,0.6687436081475068,,,1.0736307009827353,1.0859002237884812,,,,,,0.6719342363797628,0.9999731793012215,,,,0.005776793007783138,,,,,0.005221927457278716,0.00484197910426354,,,0.004040159583396039,0.0063720910600468085,,,,,
onset,PA,0.8,0.02,,,,3000,3,60.0,0.125,,,,,0.38177938898115493,,,,,0.3833318270817608,0.3832431407869274,,,1.0080521895151449,1.007584508918562,,,,,,0.4049655619477761,0.9997066772979697,,,,0.01049263981972814,,,,,0.010884047130474642,0.010889153000955627,,,0.0017965739533690474,0.001921366106978079,,,,,
onset,PA,0.8,0.05,,,,3000,3,60.0,0.125,,,,,0.5051864131644402,,,,,0.5088053573646424,0.5086513722785834,,,1.0143489895638957,1.0137218386276075,,,,,,0.5216157308548857,0.9998413758680255,,,,0.0058144672397911264,,,,,0.006264487686096955,0.0064364435274774446,,,0.0029523430078186434,0.0035440441078164494,,,,,
onset,PA,0.8,0.15,,,,3000,3,60.0,0.125,,,,,0.6686000716205519,,,,,0.6803969936535825,0.6824991620960076,,,1.0355935219398946,1.0420029864176965,,,,,,0.6871667310449128,0.9999217369722947,,,,0.0022620207334852673,,,,,0.0026767292973347307,0.0028188141129293865,,,0.0014883291825377094,0.0024652133959951993,,,,,
onset,PA,0.8,0.3,,,,3000,3,60.0,0.125,,,,,0.7470801030650138,,,,,0.7723028547631209,0.7785751019575846,,,1.0686767679457319,1.0861235561056561,,,,,,0.7795776480750045,0.9999556358325055,,,,0.0011794066199330205,,,,,0.00038908229214016087,0.0008576024033486355,,,0.0030246027620418753,0.005569783596990535,,,,,
