row_type,panel,scenario,n_fam,m_snps,n_causal,n_strat,fam,h2,K,case_frac_target,mid,slope,sex_rr,sex_mid_diff,trend_R,cohort_mid_shift,death_mean_male,death_sex_diff,death_sd,truth_use_sex,truth_use_cohort,truth_age_dependent,genotype_stratification,panel_reps,seed,gibbs_reps,gibbs_n,gibbs_n_sim,gibbs_burn_in,gibbs_tol,gibbs_max_rounds,calendar_now,birth_year_reference,rep,phenotype,comparison,corr_g_raw,corr_g_adjusted,calibration_slope_raw,calibration_slope_adjusted,mean_error_raw,mean_error_female_raw,mean_error_male_raw,mean_error_sex_gap_raw,mean_chi2_causal_raw,mean_chi2_causal_adjusted,power_gw_raw,power_gw_adjusted,lambda_strat_raw,lambda_strat_adjusted,lambda_independent_raw,lambda_independent_adjusted,case_fraction_observed,effN_vs_cc_raw,effN_vs_cc_adjusted,gibbs_n_used,gibbs_agreement,gibbs_mcse_mean,gibbs_mcse_max,gibbs_nonfinite_n,gibbs_unconverged_n,gibbs_minus_pa_mean,gibbs_rmse_vs_pa,gibbs_nrmse_score_sd,gibbs_vs_pa_slope,gibbs_vs_pa_intercept,contrast_left,contrast_right,contrast_n,delta_corr_g_raw,delta_corr_g_raw_sd,delta_corr_g_raw_se,delta_corr_g_raw_ci95,delta_corr_g_adjusted,delta_corr_g_adjusted_sd,delta_corr_g_adjusted_se,delta_corr_g_adjusted_ci95,delta_calibration_slope_raw,delta_calibration_slope_raw_sd,delta_calibration_slope_raw_se,delta_calibration_slope_raw_ci95,delta_calibration_slope_adjusted,delta_calibration_slope_adjusted_sd,delta_calibration_slope_adjusted_se,delta_calibration_slope_adjusted_ci95,delta_mean_error_raw,delta_mean_error_raw_sd,delta_mean_error_raw_se,delta_mean_error_raw_ci95,delta_mean_error_female_raw,delta_mean_error_female_raw_sd,delta_mean_error_female_raw_se,delta_mean_error_female_raw_ci95,delta_mean_error_male_raw,delta_mean_error_male_raw_sd,delta_mean_error_male_raw_se,delta_mean_error_male_raw_ci95,delta_mean_error_sex_gap_raw,delta_mean_error_sex_gap_raw_sd,delta_mean_error_sex_gap_raw_se,delta_mean_error_sex_gap_raw_ci95,delta_mean_chi2_causal_raw,delta_mean_chi2_causal_raw_sd,delta_mean_chi2_causal_raw_se,delta_mean_chi2_causal_raw_ci95,delta_mean_chi2_causal_adjusted,delta_mean_chi2_causal_adjusted_sd,delta_mean_chi2_causal_adjusted_se,delta_mean_chi2_causal_adjusted_ci95,delta_effN_vs_cc_raw,delta_effN_vs_cc_raw_sd,delta_effN_vs_cc_raw_se,delta_effN_vs_cc_raw_ci95,delta_effN_vs_cc_adjusted,delta_effN_vs_cc_adjusted_sd,delta_effN_vs_cc_adjusted_se,delta_effN_vs_cc_adjusted_ci95,age,cip_male,cip_female,cip_separation
replicate,main_ablation,integrated_age_sex_cohort,4000,1200,30,300,m+f+s1+s2,0.5,0.12,0.25,60.0,0.125,2.0,6.0,2.0,-3.0,80.0,5.0,10.0,1,1,1,sex+cohort,10,1,2,300,25000,800,0.03,100,2020.0,1965.0,0,case/control,,0.6157567483238425,0.6113340293238724,1.183132560018539,1.2066641650593621,-0.008064248760467525,0.0007856827467975939,-0.017565652675214052,0.018351335422011648,63.721176181654606,62.20557374762545,0.4666666666666667,0.43333333333333335,1.1319771222722086,1.049123304529121,0.8876346528509551,1.0416339428507138,0.25,1.0,1.0,0,nan,nan,nan,nan,nan,nan,nan,nan,nan,nan,,,,,,,,,,,,,,,,,,,,,,,,,,,,,,,,,,,,,,,,,,,,,,,,,,,,,,,
replicate,main_ablation,integrated_age_sex_cohort,4000,1200,30,300,m+f+s1+s2,0.5,0.12,0.25,60.0,0.125,2.0,6.0,2.0,-3.0,80.0,5.0,10.0,1,1,1,sex+cohort,10,1,2,300,25000,800,0.03,100,2020.0,1965.0,0,ADuLT (no family history),,0.6355168138907341,0.6296872213604484,1.0790897138489473,1.078634437189135,-0.02265773439156162,-0.023558034035759266,-0.021691160745561964,-0.0018668732901973017,67.80509531811134,65.9157317139441,0.5,0.5,1.0586965912429314,1.1454194234888135,0.9304027393317938,0.9673799997362595,0.25,1.065112285595997,1.0606179754415355,0,nan,nan,nan,nan,nan,nan,nan,nan,nan,nan,,,,,,,,,,,,,,,,,,,,,,,,,,,,,,,,,,,,,,,,,,,,,,,,,,,,,,,
replicate,main_ablation,integrated_age_sex_cohort,4000,1200,30,300,m+f+s1+s2,0.5,0.12,0.25,60.0,0.125,2.0,6.0,2.0,-3.0,80.0,5.0,10.0,1,1,1,sex+cohort,10,1,2,300,25000,800,0.03,100,2020.0,1965.0,0,LT-FH (single K),,0.6562275251162728,0.6529642901342769,1.2279204429829094,1.2527373297422904,-0.21660480965607978,-0.21134615275445726,-0.22225057349395447,0.010904420739497211,72.12788670621022,70.70758124150306,0.5,0.5,1.0936970803565562,1.2197976917014421,0.9791353246274733,0.9565823259961937,0.25,1.1340330497025102,1.1389090400317905,0,nan,nan,nan,nan,nan,nan,nan,nan,nan,nan,,,,,,,,,,,,,,,,,,,,,,,,,,,,,,,,,,,,,,,,,,,,,,,,,,,,,,,
replicate,main_ablation,integrated_age_sex_cohort,4000,1200,30,300,m+f+s1+s2,0.5,0.12,0.25,60.0,0.125,2.0,6.0,2.0,-3.0,80.0,5.0,10.0,1,1,1,sex+cohort,10,1,2,300,25000,800,0.03,100,2020.0,1965.0,0,FH + age CIP,,0.6714678150628333,0.6690959789203414,1.0793749644580977,1.0725741956980965,-0.06947321143494828,-0.06808349030379655,-0.07096523448451551,0.002881744180718959,75.46832620870371,74.17068786271436,0.5,0.5,1.1996340801071432,1.2183707380949513,0.9151524830849691,0.9752101219018119,0.25,1.187291609344613,1.1954905964026374,0,nan,nan,nan,nan,nan,nan,nan,nan,nan,nan,,,,,,,,,,,,,,,,,,,,,,,,,,,,,,,,,,,,,,,,,,,,,,,,,,,,,,,
replicate,main_ablation,integrated_age_sex_cohort,4000,1200,30,300,m+f+s1+s2,0.5,0.12,0.25,60.0,0.125,2.0,6.0,2.0,-3.0,80.0,5.0,10.0,1,1,1,sex+cohort,10,1,2,300,25000,800,0.03,100,2020.0,1965.0,0,FH + age + sex CIP,,0.6709365968093,0.6689611202837634,1.0781559500845876,1.0710461938539277,-0.0728488036613632,-0.07922470717016862,-0.06600354903889769,-0.013221158131270935,75.35862334570425,74.14963126272922,0.5,0.5,1.1668741540175993,1.1501787894079945,0.9352961604856622,0.9839805199680273,0.25,1.185542553129823,1.19514656564374,0,nan,nan,nan,nan,nan,nan,nan,nan,nan,nan,,,,,,,,,,,,,,,,,,,,,,,,,,,,,,,,,,,,,,,,,,,,,,,,,,,,,,,
replicate,main_ablation,integrated_age_sex_cohort,4000,1200,30,300,m+f+s1+s2,0.5,0.12,0.25,60.0,0.125,2.0,6.0,2.0,-3.0,80.0,5.0,10.0,1,1,1,sex+cohort,10,1,2,300,25000,800,0.03,100,2020.0,1965.0,0,FH + age + cohort CIP,,0.6742373762725895,0.6692395957062709,1.0549584089387558,1.0550722296203254,-0.01463287930478133,-0.01103561315693737,-0.018494951980875078,0.007459338823937707,76.0789050359903,74.20437977140085,0.5,0.5,1.059594653982639,1.2141779476417895,0.9913246171373578,0.9920233940850176,0.25,1.1970264208462058,1.1960410676526156,0,nan,nan,nan,nan,nan,nan,nan,nan,nan,nan,,,,,,,,,,,,,,,,,,,,,,,,,,,,,,,,,,,,,,,,,,,,,,,,,,,,,,,
replicate,main_ablation,integrated_age_sex_cohort,4000,1200,30,300,m+f+s1+s2,0.5,0.12,0.25,60.0,0.125,2.0,6.0,2.0,-3.0,80.0,5.0,10.0,1,1,1,sex+cohort,10,1,2,300,25000,800,0.03,100,2020.0,1965.0,0,LT-FH++ (full CIP),,0.6742420507499365,0.6692328205088733,1.0556662065158526,1.0546590818732087,-0.016639311199353662,-0.019711039340437803,-0.013341463101797799,-0.006369576238640004,76.08779619611514,74.21082805862738,0.5,0.5,0.9913255641934046,1.2291511890635707,0.9581366621447034,1.0056401856221502,0.25,1.19716817775617,1.1961464222278888,300,0.9998963013468741,0.006481586088218495,0.009032369893590091,0,0,-0.0018550704176222843,0.008906836150150027,0.01732341249741089,0.9908126586313386,0.00012561835398178234,,,,,,,,,,,,,,,,,,,,,,,,,,,,,,,,,,,,,,,,,,,,,,,,,,,,,,,
replicate,main_ablation,integrated_age_sex_cohort,4000,1200,30,300,m+f+s1+s2,0.5,0.12,0.25,60.0,0.125,2.0,6.0,2.0,-3.0,80.0,5.0,10.0,1,1,1,sex+cohort,10,1,2,300,25000,800,0.03,100,2020.0,1965.0,0,oracle (true g),,1.0,1.0,1.0000000000000002,1.0,0.0,0.0,0.0,0.0,167.23261243263218,165.47366767182132,0.5666666666666667,0.5666666666666667,1.034203820604811,1.058254599377528,0.9222244082107723,0.9501151954541429,0.25,2.6503427160100634,2.6872334920020626,0,nan,nan,nan,nan,nan,nan,nan,nan,nan,nan,,,,,,,,,,,,,,,,,,,,,,,,,,,,,,,,,,,,,,,,,,,,,,,,,,,,,,,
replicate,main_ablation,integrated_age_sex_cohort,4000,1200,30,300,m+f+s1+s2,0.5,0.12,0.25,60.0,0.125,2.0,6.0,2.0,-3.0,80.0,5.0,10.0,1,1,1,sex+cohort,10,1,2,300,25000,800,0.03,100,2020.0,1965.0,1,case/control,,0.6038372278649177,0.6007717111789068,1.1337556826992667,1.1578986834507385,0.010503643026843182,0.03653946099762371,-0.01714263791120213,0.05368209890882584,61.37530966343089,60.11977589772379,0.43333333333333335,0.43333333333333335,1.2183968541591506,1.0319844937984277,1.111541267580592,1.1298505363347073,0.25,1.0,1.0,0,nan,nan,nan,nan,nan,nan,nan,nan,nan,nan,,,,,,,,,,,,,,,,,,,,,,,,,,,,,,,,,,,,,,,,,,,,,,,,,,,,,,,
replicate,main_ablation,integrated_age_sex_cohort,4000,1200,30,300,m+f+s1+s2,0.5,0.12,0.25,60.0,0.125,2.0,6.0,2.0,-3.0,80.0,5.0,10.0,1,1,1,sex+cohort,10,1,2,300,25000,800,0.03,100,2020.0,1965.0,1,ADuLT (no family history),,0.6240577869924779,0.6188722985046773,1.0308617530138737,1.030373475301813,-0.0031656931739810004,0.011066106995491213,-0.018277810879709224,0.029343917875200437,65.63318279869479,63.929466812063545,0.4666666666666667,0.4666666666666667,0.8832354828209338,0.9020365952328195,1.1684770076839117,1.1797306730898762,0.25,1.0705234169232407,1.0644402123737826,0,nan,nan,nan,nan,nan,nan,nan,nan,nan,nan,,,,,,,,,,,,,,,,,,,,,,,,,,,,,,,,,,,,,,,,,,,,,,,,,,,,,,,
replicate,main_ablation,integrated_age_sex_cohort,4000,1200,30,300,m+f+s1+s2,0.5,0.12,0.25,60.0,0.125,2.0,6.0,2.0,-3.0,80.0,5.0,10.0,1,1,1,sex+cohort,10,1,2,300,25000,800,0.03,100,2020.0,1965.0,1,LT-FH (single K),,0.640976288645784,0.6387543991917843,1.1862845483145417,1.2115194312047253,-0.20363512508844955,-0.18043255326824797,-0.22827290753670482,0.04784035426845684,68.99171438176808,67.81711459981982,0.43333333333333335,0.43333333333333335,1.1692031260889553,0.8960869882479109,1.0503466246090227,1.0910460558516533,0.25,1.12615098391703,1.1301990507442432,0,nan,nan,nan,nan,nan,nan,nan,nan,nan,nan,,,,,,,,,,,,,,,,,,,,,,,,,,,,,,,,,,,,,,,,,,,,,,,,,,,,,,,
replicate,main_ablation,integrated_age_sex_cohort,4000,1200,30,300,m+f+s1+s2,0.5,0.12,0.25,60.0,0.125,2.0,6.0,2.0,-3.0,80.0,5.0,10.0,1,1,1,sex+cohort,10,1,2,300,25000,800,0.03,100,2020.0,1965.0,1,FH + age CIP,,0.6537149329811881,0.651928713519289,1.0309113042174094,1.0250520819946949,-0.05628143630234054,-0.03835763117503307,-0.07531393040659484,0.036956299231561775,71.77071565936252,70.73855427462856,0.43333333333333335,0.43333333333333335,0.8915837610957137,0.830210675644884,1.079168546108621,1.053603201765466,0.25,1.1721797545036543,1.179614658811885,0,nan,nan,nan,nan,nan,nan,nan,nan,nan,nan,,,,,,,,,,,,,,,,,,,,,,,,,,,,,,,,,,,,,,,,,,,,,,,,,,,,,,,
replicate,main_ablation,integrated_age_sex_cohort,4000,1200,30,300,m+f+s1+s2,0.5,0.12,0.25,60.0,0.125,2.0,6.0,2.0,-3.0,80.0,5.0,10.0,1,1,1,sex+cohort,10,1,2,300,25000,800,0.03,100,2020.0,1965.0,1,FH + age + sex CIP,,0.6538831728248473,0.6521483254428991,1.0310469832022189,1.0247591857374783,-0.05943183772597023,-0.049053798731583546,-0.07045181727671075,0.021398018545127205,71.829805302436,70.80187490554735,0.43333333333333335,0.43333333333333335,0.821142866014837,0.8669954010690215,1.080108354266877,1.0437131694731034,0.25,1.1731584599281544,1.1806857154922814,0,nan,nan,nan,nan,nan,nan,nan,nan,nan,nan,,,,,,,,,,,,,,,,,,,,,,,,,,,,,,,,,,,,,,,,,,,,,,,,,,,,,,,
replicate,main_ablation,integrated_age_sex_cohort,4000,1200,30,300,m+f+s1+s2,0.5,0.12,0.25,60.0,0.125,2.0,6.0,2.0,-3.0,80.0,5.0,10.0,1,1,1,sex+cohort,10,1,2,300,25000,800,0.03,100,2020.0,1965.0,1,FH + age + cohort CIP,,0.6583157590759634,0.6539980261160266,1.0132435588357303,1.013656902502511,-0.0018536429973974374,0.017744578190904126,-0.022664125290130035,0.04040870348103416,72.77609906589332,71.15820938115833,0.43333333333333335,0.43333333333333335,0.964322581294631,0.8690998782608644,1.077549494940518,1.065680856215342,0.25,1.1888319822460116,1.1867130467904825,0,nan,nan,nan,nan,nan,nan,nan,nan,nan,nan,,,,,,,,,,,,,,,,,,,,,,,,,,,,,,,,,,,,,,,,,,,,,,,,,,,,,,,
replicate,main_ablation,integrated_age_sex_cohort,4000,1200,30,300,m+f+s1+s2,0.5,0.12,0.25,60.0,0.125,2.0,6.0,2.0,-3.0,80.0,5.0,10.0,1,1,1,sex+cohort,10,1,2,300,25000,800,0.03,100,2020.0,1965.0,1,LT-FH++ (full CIP),,0.6588886407008421,0.6543198829692706,1.0148543649557205,1.0142117314388739,-0.0036708440737427254,0.009422818420904512,-0.0175744238361001,0.026997242257004613,72.91850523169424,71.23982904772843,0.43333333333333335,0.43333333333333335,0.9066473741471833,0.809164211044662,1.100063930649744,1.0677193447278577,0.25,1.1911906644059007,1.1880936282512664,300,0.9999051680556513,0.00638776533768142,0.009042132156735832,0,0,-0.0019687073149197375,0.009528223328019109,0.01756640422190512,0.9894799141801343,0.0007577771844587966,,,,,,,,,,,,,,,,,,,,,,,,,,,,,,,,,,,,,,,,,,,,,,,,,,,,,,,
replicate,main_ablation,integrated_age_sex_cohort,4000,1200,30,300,m+f+s1+s2,0.5,0.12,0.25,60.0,0.125,2.0,6.0,2.0,-3.0,80.0,5.0,10.0,1,1,1,sex+cohort,10,1,2,300,25000,800,0.03,100,2020.0,1965.0,1,oracle (true g),,1.0,1.0,1.0000000000000002,1.0000000000000004,0.0,0.0,0.0,0.0,166.6531198950943,165.15512822026577,0.6666666666666666,0.6666666666666666,0.862369848773115,0.8895545169610247,0.9206814837017424,0.9132806388180849,0.25,2.7437229029307955,2.776653424807485,0,nan,nan,nan,nan,nan,nan,nan,nan,nan,nan,,,,,,,,,,,,,,,,,,,,,,,,,,,,,,,,,,,,,,,,,,,,,,,,,,,,,,,
replicate,main_ablation,integrated_age_sex_cohort,4000,1200,30,300,m+f+s1+s2,0.5,0.12,0.25,60.0,0.125,2.0,6.0,2.0,-3.0,80.0,5.0,10.0,1,1,1,sex+cohort,10,1,2,300,25000,800,0.03,100,2020.0,1965.0,2,case/control,,0.588328059255571,0.587303870041898,1.0814587742564177,1.110560766431845,0.014293142360362766,0.029503951697245866,-0.0015385163372094433,0.03104246803445531,59.03140652794125,58.36708452695098,0.5,0.5,0.864279566083789,0.8736531417029373,0.9482923899491257,0.967984698586799,0.25,1.0,1.0,0,nan,nan,nan,nan,nan,nan,nan,nan,nan,nan,,,,,,,,,,,,,,,,,,,,,,,,,,,,,,,,,,,,,,,,,,,,,,,,,,,,,,,
replicate,main_ablation,integrated_age_sex_cohort,4000,1200,30,300,m+f+s1+s2,0.5,0.12,0.25,60.0,0.125,2.0,6.0,2.0,-3.0,80.0,5.0,10.0,1,1,1,sex+cohort,10,1,2,300,25000,800,0.03,100,2020.0,1965.0,2,ADuLT (no family history),,0.6072073777101158,0.6032870834357882,0.9885641387583288,0.9918952770878988,-0.0010410802050726353,0.002585327806171434,-0.004815504869836863,0.0074008326760082975,63.04276374553845,61.801745005002886,0.5333333333333333,0.5,0.8766342352856025,0.8993219548076069,0.9702849564902315,1.003344565070185,0.25,1.0691239013079201,1.0598716233598782,0,nan,nan,nan,nan,nan,nan,nan,nan,nan,nan,,,,,,,,,,,,,,,,,,,,,,,,,,,,,,,,,,,,,,,,,,,,,,,,,,,,,,,
replicate,main_ablation,integrated_age_sex_cohort,4000,1200,30,300,m+f+s1+s2,0.5,0.12,0.25,60.0,0.125,2.0,6.0,2.0,-3.0,80.0,5.0,10.0,1,1,1,sex+cohort,10,1,2,300,25000,800,0.03,100,2020.0,1965.0,2,LT-FH (single K),,0.6252427596284384,0.6247796030311772,1.1228430612676887,1.1509574786864418,-0.19831643072164004,-0.18418047646545269,-0.2130293627025697,0.02884888623711701,66.57512475460835,65.93024248529018,0.5666666666666667,0.5666666666666667,0.8923552878104617,0.899603573157872,0.8451936967223117,0.80086729737941,0.25,1.1299937168166847,1.131837934953554,0,nan,nan,nan,nan,nan,nan,nan,nan,nan,nan,,,,,,,,,,,,,,,,,,,,,,,,,,,,,,,,,,,,,,,,,,,,,,,,,,,,,,,
replicate,main_ablation,integrated_age_sex_cohort,4000,1200,30,300,m+f+s1+s2,0.5,0.12,0.25,60.0,0.125,2.0,6.0,2.0,-3.0,80.0,5.0,10.0,1,1,1,sex+cohort,10,1,2,300,25000,800,0.03,100,2020.0,1965.0,2,FH + age CIP,,0.6394189161599962,0.637482221767889,0.9849489542591339,0.9809087233789191,-0.052372488450964254,-0.0442331592938818,-0.06084403512466232,0.016610875830780518,69.53348703222856,68.68050733342689,0.5666666666666667,0.5666666666666667,0.956512439900496,0.975593429068878,0.8796292063255116,0.8734646151516665,0.25,1.1809723584630112,1.1797794482937454,0,nan,nan,nan,nan,nan,nan,nan,nan,nan,nan,,,,,,,,,,,,,,,,,,,,,,,,,,,,,,,,,,,,,,,,,,,,,,,,,,,,,,,
replicate,main_ablation,integrated_age_sex_cohort,4000,1200,30,300,m+f+s1+s2,0.5,0.12,0.25,60.0,0.125,2.0,6.0,2.0,-3.0,80.0,5.0,10.0,1,1,1,sex+cohort,10,1,2,300,25000,800,0.03,100,2020.0,1965.0,2,FH + age + sex CIP,,0.639463304675413,0.6376698081364559,0.9845904932958298,0.9800626483085819,-0.05548384042121745,-0.055270145796422025,-0.05570625727559637,0.000436111479174342,69.5526086395615,68.72768840767415,0.5666666666666667,0.5666666666666667,0.9764532616769337,0.9649609503559983,0.8791995563781883,0.891929934820821,0.25,1.181301862924078,1.1806018898494968,0,nan,nan,nan,nan,nan,nan,nan,nan,nan,nan,,,,,,,,,,,,,,,,,,,,,,,,,,,,,,,,,,,,,,,,,,,,,,,,,,,,,,,
replicate,main_ablation,integrated_age_sex_cohort,4000,1200,30,300,m+f+s1+s2,0.5,0.12,0.25,60.0,0.125,2.0,6.0,2.0,-3.0,80.0,5.0,10.0,1,1,1,sex+cohort,10,1,2,300,25000,800,0.03,100,2020.0,1965.0,2,FH + age + cohort CIP,,0.6423333021617331,0.6390065253141296,0.9651001188596817,0.9683573555531086,0.0022021211518722535,0.013541529396238542,-0.009600120082060001,0.023141649478298543,70.22481170901473,69.00741824302281,0.5666666666666667,0.5666666666666667,0.9136907906324905,0.9717838768566461,0.8347084901215729,0.8749924739562435,0.25,1.1928852986819132,1.18547802810291,0,nan,nan,nan,nan,nan,nan,nan,nan,nan,nan,,,,,,,,,,,,,,,,,,,,,,,,,,,,,,,,,,,,,,,,,,,,,,,,,,,,,,,
replicate,main_ablation,integrated_age_sex_cohort,4000,1200,30,300,m+f+s1+s2,0.5,0.12,0.25,60.0,0.125,2.0,6.0,2.0,-3.0,80.0,5.0,10.0,1,1,1,sex+cohort,10,1,2,300,25000,800,0.03,100,2020.0,1965.0,2,LT-FH++ (full CIP),,0.6426758716386018,0.6392021597836656,0.9661460731235998,0.9683581181418304,0.00040407932567867766,0.004963052872934433,-0.004340974774526283,0.009304027647460716,70.30714256716699,69.05503977386529,0.5666666666666667,0.5666666666666667,0.9293402347507158,0.9840231884706837,0.8337737464013922,0.8760377852059581,0.25,1.1943040280058805,1.1863081475213042,0,nan,nan,nan,nan,nan,nan,nan,nan,nan,nan,,,,,,,,,,,,,,,,,,,,,,,,,,,,,,,,,,,,,,,,,,,,,,,,,,,,,,,
replicate,main_ablation,integrated_age_sex_cohort,4000,1200,30,300,m+f+s1+s2,0.5,0.12,0.25,60.0,0.125,2.0,6.0,2.0,-3.0,80.0,5.0,10.0,1,1,1,sex+cohort,10,1,2,300,25000,800,0.03,100,2020.0,1965.0,2,oracle (true g),,1.0,1.0,1.0000000000000002,1.0000000000000004,0.0,0.0,0.0,0.0,166.887096760141,165.83653636620156,0.6333333333333333,0.6333333333333333,1.1917526533600293,1.082776637663974,0.8972603095734848,0.9252167462567543,0.25,2.858574463127459,2.873364364346624,0,nan,nan,nan,nan,nan,nan,nan,nan,nan,nan,,,,,,,,,,,,,,,,,,,,,,,,,,,,,,,,,,,,,,,,,,,,,,,,,,,,,,,
replicate,main_ablation,integrated_age_sex_cohort,4000,1200,30,300,m+f+s1+s2,0.5,0.12,0.25,60.0,0.125,2.0,6.0,2.0,-3.0,80.0,5.0,10.0,1,1,1,sex+cohort,10,1,2,300,25000,800,0.03,100,2020.0,1965.0,3,case/control,,0.5861561030107442,0.5824242370918079,1.0950760107797937,1.1250095150711836,0.02477731210228149,0.02769798809556038,0.021764669673460062,0.005933318422100316,59.61789543046357,58.25644759592637,0.6,0.6,1.4484133928940601,1.1130175934042557,1.0066817523534823,1.0703065310186697,0.25,1.0,1.0,0,nan,nan,nan,nan,nan,nan,nan,nan,nan,nan,,,,,,,,,,,,,,,,,,,,,,,,,,,,,,,,,,,,,,,,,,,,,,,,,,,,,,,
replicate,main_ablation,integrated_age_sex_cohort,4000,1200,30,300,m+f+s1+s2,0.5,0.12,0.25,60.0,0.125,2.0,6.0,2.0,-3.0,80.0,5.0,10.0,1,1,1,sex+cohort,10,1,2,300,25000,800,0.03,100,2020.0,1965.0,3,ADuLT (no family history),,0.6039435150396913,0.59796869600774,1.0125199750810405,1.0154071899803974,0.006495653194606079,-0.0006187416951815675,0.013834066613173221,-0.014452808308354789,63.302069955001095,61.4538700248111,0.6,0.6,1.3227628409339234,1.0778010671536702,0.9573550193591571,1.0506202669016846,0.25,1.062850678917805,1.0558438841936157,0,nan,nan,nan,nan,nan,nan,nan,nan,nan,nan,,,,,,,,,,,,,,,,,,,,,,,,,,,,,,,,,,,,,,,,,,,,,,,,,,,,,,,
replicate,main_ablation,integrated_age_sex_cohort,4000,1200,30,300,m+f+s1+s2,0.5,0.12,0.25,60.0,0.125,2.0,6.0,2.0,-3.0,80.0,5.0,10.0,1,1,1,sex+cohort,10,1,2,300,25000,800,0.03,100,2020.0,1965.0,3,LT-FH (single K),,0.6313852722988563,0.6291799651769585,1.1694298198410435,1.2011812763179501,-0.19241202835789822,-0.19677507181424475,-0.18791160110556726,-0.00886347070867749,69.00511038743362,67.83243150823222,0.6333333333333333,0.6,1.4395327546761598,1.1777268852753662,1.0146856296630038,1.0292219152706399,0.25,1.1601424767647242,1.1672472588569598,0,nan,nan,nan,nan,nan,nan,nan,nan,nan,nan,,,,,,,,,,,,,,,,,,,,,,,,,,,,,,,,,,,,,,,,,,,,,,,,,,,,,,,
replicate,main_ablation,integrated_age_sex_cohort,4000,1200,30,300,m+f+s1+s2,0.5,0.12,0.25,60.0,0.125,2.0,6.0,2.0,-3.0,80.0,5.0,10.0,1,1,1,sex+cohort,10,1,2,300,25000,800,0.03,100,2020.0,1965.0,3,FH + age CIP,,0.6439162062887369,0.6401754284319078,1.0373456545531112,1.0305293803840245,-0.051498352137794176,-0.06006551299415222,-0.0426614279634604,-0.017404085030691824,71.78713711651193,70.25255368724507,0.6,0.6,1.081719319798068,1.175970841615853,1.1146917497814077,1.1242411338446183,0.25,1.2076028420447869,1.2095153750365084,0,nan,nan,nan,nan,nan,nan,nan,nan,nan,nan,,,,,,,,,,,,,,,,,,,,,,,,,,,,,,,,,,,,,,,,,,,,,,,,,,,,,,,
replicate,main_ablation,integrated_age_sex_cohort,4000,1200,30,300,m+f+s1+s2,0.5,0.12,0.25,60.0,0.125,2.0,6.0,2.0,-3.0,80.0,5.0,10.0,1,1,1,sex+cohort,10,1,2,300,25000,800,0.03,100,2020.0,1965.0,3,FH + age + sex CIP,,0.6426700816338548,0.6394167811125745,1.035941573587226,1.0286841079800533,-0.054902920447900155,-0.07160041768629179,-0.03767965133100153,-0.033920766355290254,71.52345746105942,70.10271117248413,0.6,0.6,1.0552538898380817,1.1753515478657983,1.091586682037363,1.1344535334083006,0.25,1.203104562918316,1.2068983332699914,0,nan,nan,nan,nan,nan,nan,nan,nan,nan,nan,,,,,,,,,,,,,,,,,,,,,,,,,,,,,,,,,,,,,,,,,,,,,,,,,,,,,,,
replicate,main_ablation,integrated_age_sex_cohort,4000,1200,30,300,m+f+s1+s2,0.5,0.12,0.25,60.0,0.125,2.0,6.0,2.0,-3.0,80.0,5.0,10.0,1,1,1,sex+cohort,10,1,2,300,25000,800,0.03,100,2020.0,1965.0,3,FH + age + cohort CIP,,0.646422245730993,0.6413471207131578,1.0117846530057053,1.0151485721463425,0.003904555697552912,-0.001445668188000639,0.009423247780620064,-0.010868915968620703,72.33313742863699,70.51019913386021,0.6333333333333333,0.6,1.1917717673839834,1.1205897168691716,1.025749099665501,1.129750454741617,0.25,1.2169174090062151,1.2140152254015435,0,nan,nan,nan,nan,nan,nan,nan,nan,nan,nan,,,,,,,,,,,,,,,,,,,,,,,,,,,,,,,,,,,,,,,,,,,,,,,,,,,,,,,
replicate,main_ablation,integrated_age_sex_cohort,4000,1200,30,300,m+f+s1+s2,0.5,0.12,0.25,60.0,0.125,2.0,6.0,2.0,-3.0,80.0,5.0,10.0,1,1,1,sex+cohort,10,1,2,300,25000,800,0.03,100,2020.0,1965.0,3,LT-FH++ (full CIP),,0.645863082559234,0.6408815901550082,1.0123256677256192,1.0145585143970466,0.0018770844368914403,-0.010434387918647878,0.014576221234301474,-0.02501060915294935,72.21750610807713,70.41983297621414,0.6,0.6,1.1940774004003738,1.135537164607742,1.0562431262363898,1.1483048288419224,0.25,1.214944780686643,1.2124369549806502,0,nan,nan,nan,nan,nan,nan,nan,nan,nan,nan,,,,,,,,,,,,,,,,,,,,,,,,,,,,,,,,,,,,,,,,,,,,,,,,,,,,,,,
replicate,main_ablation,integrated_age_sex_cohort,4000,1200,30,300,m+f+s1+s2,0.5,0.12,0.25,60.0,0.125,2.0,6.0,2.0,-3.0,80.0,5.0,10.0,1,1,1,sex+cohort,10,1,2,300,25000,800,0.03,100,2020.0,1965.0,3,oracle (true g),,1.0,1.0,1.0000000000000002,1.0000000000000004,0.0,0.0,0.0,0.0,171.32333875320893,169.64430735270173,0.7666666666666667,0.8,0.9739832391232557,1.1304409673947653,0.9645093918087508,1.060022775578523,0.25,2.9056542801891916,2.945420375061835,0,nan,nan,nan,nan,nan,nan,nan,nan,nan,nan,,,,,,,,,,,,,,,,,,,,,,,,,,,,,,,,,,,,,,,,,,,,,,,,,,,,,,,
replicate,main_ablation,integrated_age_sex_cohort,4000,1200,30,300,m+f+s1+s2,0.5,0.12,0.25,60.0,0.125,2.0,6.0,2.0,-3.0,80.0,5.0,10.0,1,1,1,sex+cohort,10,1,2,300,25000,800,0.03,100,2020.0,1965.0,4,case/control,,0.6021489994177491,0.6015267750748545,1.130751067173237,1.1602528510265377,0.023899584249433056,0.024904741024498515,0.022807387294575793,0.0020973537299227227,62.65142229034377,62.17637731227979,0.4666666666666667,0.4666666666666667,0.9683447417544655,1.0466602422387479,1.147428575769457,1.1328115538485173,0.25,1.0,1.0,0,nan,nan,nan,nan,nan,nan,nan,nan,nan,nan,,,,,,,,,,,,,,,,,,,,,,,,,,,,,,,,,,,,,,,,,,,,,,,,,,,,,,,
replicate,main_ablation,integrated_age_sex_cohort,4000,1200,30,300,m+f+s1+s2,0.5,0.12,0.25,60.0,0.125,2.0,6.0,2.0,-3.0,80.0,5.0,10.0,1,1,1,sex+cohort,10,1,2,300,25000,800,0.03,100,2020.0,1965.0,4,ADuLT (no family history),,0.6164658597762325,0.6129820616092894,1.0288501388713371,1.0331193942194294,0.0074907314796631465,0.0013500378440339008,0.014163170104084492,-0.012813132260050592,65.82560300162694,64.7282064893977,0.4666666666666667,0.4666666666666667,1.065011316261533,1.0767544148530284,1.1480075368194793,1.180987205743279,0.25,1.051485928359196,1.0417126559176901,0,nan,nan,nan,nan,nan,nan,nan,nan,nan,nan,,,,,,,,,,,,,,,,,,,,,,,,,,,,,,,,,,,,,,,,,,,,,,,,,,,,,,,
replicate,main_ablation,integrated_age_sex_cohort,4000,1200,30,300,m+f+s1+s2,0.5,0.12,0.25,60.0,0.125,2.0,6.0,2.0,-3.0,80.0,5.0,10.0,1,1,1,sex+cohort,10,1,2,300,25000,800,0.03,100,2020.0,1965.0,4,LT-FH (single K),,0.6388306149177235,0.6387975060787181,1.1721091388987923,1.200527902178346,-0.18989938898320727,-0.19419302908561512,-0.1852339469731313,-0.008959082112483807,70.29979188219977,69.89228847794229,0.5,0.5,1.043435663358121,1.0957136152331142,1.1374509065671934,1.1386283407065594,0.25,1.1240582829676897,1.1261256632813677,0,nan,nan,nan,nan,nan,nan,nan,nan,nan,nan,,,,,,,,,,,,,,,,,,,,,,,,,,,,,,,,,,,,,,,,,,,,,,,,,,,,,,,
replicate,main_ablation,integrated_age_sex_cohort,4000,1200,30,300,m+f+s1+s2,0.5,0.12,0.25,60.0,0.125,2.0,6.0,2.0,-3.0,80.0,5.0,10.0,1,1,1,sex+cohort,10,1,2,300,25000,800,0.03,100,2020.0,1965.0,4,FH + age CIP,,0.6491444563960024,0.6472428047654736,1.0281215767925986,1.023734006502591,-0.04693393282486693,-0.05048672973521223,-0.04307348631247817,-0.007413243422734063,72.71151393190195,71.90643405025017,0.4666666666666667,0.4666666666666667,1.0528888776998768,1.1192640595934582,1.1449107051548868,1.1530118781759608,0.25,1.1631769595546517,1.1590492468735525,0,nan,nan,nan,nan,nan,nan,nan,nan,nan,nan,,,,,,,,,,,,,,,,,,,,,,,,,,,,,,,,,,,,,,,,,,,,,,,,,,,,,,,
replicate,main_ablation,integrated_age_sex_cohort,4000,1200,30,300,m+f+s1+s2,0.5,0.12,0.25,60.0,0.125,2.0,6.0,2.0,-3.0,80.0,5.0,10.0,1,1,1,sex+cohort,10,1,2,300,25000,800,0.03,100,2020.0,1965.0,4,FH + age + sex CIP,,0.6485388961831612,0.646996188650766,1.0262655576982875,1.0217964617714121,-0.04985200529169831,-0.061169351472142135,-0.037554648956870745,-0.02361470251527139,72.58783801422773,71.86261965726156,0.4666666666666667,0.4666666666666667,1.0501649985776556,1.1245566460973038,1.1528766343962746,1.1442136905322189,0.25,1.161170908224777,1.1583330489730956,0,nan,nan,nan,nan,nan,nan,nan,nan,nan,nan,,,,,,,,,,,,,,,,,,,,,,,,,,,,,,,,,,,,,,,,,,,,,,,,,,,,,,,
replicate,main_ablation,integrated_age_sex_cohort,4000,1200,30,300,m+f+s1+s2,0.5,0.12,0.25,60.0,0.125,2.0,6.0,2.0,-3.0,80.0,5.0,10.0,1,1,1,sex+cohort,10,1,2,300,25000,800,0.03,100,2020.0,1965.0,4,FH + age + cohort CIP,,0.6529941912576611,0.6498798229363878,1.007552445509389,1.010654195634765,0.00812331499568476,0.0047963069822779,0.011738420729605719,-0.006942113747327819,73.61413187803552,72.51407799367209,0.5,0.5,0.9560436203744274,1.1015178429263592,1.094057742195343,1.1220943653478312,0.25,1.1778176265920277,1.1689819034007631,0,nan,nan,nan,nan,nan,nan,nan,nan,nan,nan,,,,,,,,,,,,,,,,,,,,,,,,,,,,,,,,,,,,,,,,,,,,,,,,,,,,,,,
replicate,main_ablation,integrated_age_sex_cohort,4000,1200,30,300,m+f+s1+s2,0.5,0.12,0.25,60.0,0.125,2.0,6.0,2.0,-3.0,80.0,5.0,10.0,1,1,1,sex+cohort,10,1,2,300,25000,800,0.03,100,2020.0,1965.0,4,LT-FH++ (full CIP),,0.652784570990726,0.6497427860267444,1.0072933732947982,1.0097760729792173,0.0064902826885234145,-0.0035316184120322463,0.017380016643900275,-0.02091163505593252,73.57675847121868,72.49327179927046,0.5,0.4666666666666667,0.9770319056979889,1.1139364260054856,1.1171749512493063,1.1371223798394179,0.25,1.1772114214887481,1.1686418016275668,0,nan,nan,nan,nan,nan,nan,nan,nan,nan,nan,,,,,,,,,,,,,,,,,,,,,,,,,,,,,,,,,,,,,,,,,,,,,,,,,,,,,,,
replicate,main_ablation,integrated_age_sex_cohort,4000,1200,30,300,m+f+s1+s2,0.5,0.12,0.25,60.0,0.125,2.0,6.0,2.0,-3.0,80.0,5.0,10.0,1,1,1,sex+cohort,10,1,2,300,25000,800,0.03,100,2020.0,1965.0,4,oracle (true g),,0.9999999999999999,1.0,1.0000000000000002,1.0000000000000004,0.0,0.0,0.0,0.0,169.68634486465368,168.80846394435122,0.5666666666666667,0.5666666666666667,0.6946078220661902,0.6929183590802765,1.1045644266212986,1.0823792306326452,0.25,2.7361306292373144,2.743027150623177,0,nan,nan,nan,nan,nan,nan,nan,nan,nan,nan,,,,,,,,,,,,,,,,,,,,,,,,,,,,,,,,,,,,,,,,,,,,,,,,,,,,,,,
replicate,main_ablation,integrated_age_sex_cohort,4000,1200,30,300,m+f+s1+s2,0.5,0.12,0.25,60.0,0.125,2.0,6.0,2.0,-3.0,80.0,5.0,10.0,1,1,1,sex+cohort,10,1,2,300,25000,800,0.03,100,2020.0,1965.0,5,case/control,,0.5887283428992265,0.5837963200787487,1.0857813892178443,1.110763998679917,0.02443225020415761,0.038426861595510856,0.009631364905483617,0.02879549669002724,60.22926892124912,58.620414404571854,0.4,0.43333333333333335,1.1435930414632565,0.9489792386952173,0.9821351909473631,0.9706234199197243,0.25,1.0,1.0,0,nan,nan,nan,nan,nan,nan,nan,nan,nan,nan,,,,,,,,,,,,,,,,,,,,,,,,,,,,,,,,,,,,,,,,,,,,,,,,,,,,,,,
replicate,main_ablation,integrated_age_sex_cohort,4000,1200,30,300,m+f+s1+s2,0.5,0.12,0.25,60.0,0.125,2.0,6.0,2.0,-3.0,80.0,5.0,10.0,1,1,1,sex+cohort,10,1,2,300,25000,800,0.03,100,2020.0,1965.0,5,ADuLT (no family history),,0.5966246639616934,0.589795017315722,0.9955284463363877,0.9956069681360509,0.004224570460899489,0.006454090433021215,0.001866600778449753,0.004587489654571462,61.82520234951626,59.84778146765508,0.4,0.43333333333333335,1.1203363650870606,1.034779218437929,1.0094055545603522,0.9885479036101906,0.25,1.026945013121622,1.021300906558316,0,nan,nan,nan,nan,nan,nan,nan,nan,nan,nan,,,,,,,,,,,,,,,,,,,,,,,,,,,,,,,,,,,,,,,,,,,,,,,,,,,,,,,
replicate,main_ablation,integrated_age_sex_cohort,4000,1200,30,300,m+f+s1+s2,0.5,0.12,0.25,60.0,0.125,2.0,6.0,2.0,-3.0,80.0,5.0,10.0,1,1,1,sex+cohort,10,1,2,300,25000,800,0.03,100,2020.0,1965.0,5,LT-FH (single K),,0.6338885677926882,0.630620691153032,1.1597352055441439,1.1885566461595711,-0.19331154401394782,-0.18131676619258535,-0.20599737899374265,0.024680612801157298,69.70160008642307,68.25858724210339,0.43333333333333335,0.43333333333333335,1.0733104117092809,0.9012352702325575,0.9257962019270564,0.905600053191969,0.25,1.1599265251402697,1.167270106213724,0,nan,nan,nan,nan,nan,nan,nan,nan,nan,nan,,,,,,,,,,,,,,,,,,,,,,,,,,,,,,,,,,,,,,,,,,,,,,,,,,,,,,,
replicate,main_ablation,integrated_age_sex_cohort,4000,1200,30,300,m+f+s1+s2,0.5,0.12,0.25,60.0,0.125,2.0,6.0,2.0,-3.0,80.0,5.0,10.0,1,1,1,sex+cohort,10,1,2,300,25000,800,0.03,100,2020.0,1965.0,5,FH + age CIP,,0.6392387208274041,0.6355990699580736,1.023014085912894,1.016413693240162,-0.05304105535345762,-0.04759933584456073,-0.058796289566570785,0.011196953722010052,70.88907742576893,69.39539467412088,0.43333333333333335,0.43333333333333335,0.9251200003995395,0.8751405238793925,0.9423003844742912,0.8988612828182144,0.25,1.17997535169129,1.1869993539771226,0,nan,nan,nan,nan,nan,nan,nan,nan,nan,nan,,,,,,,,,,,,,,,,,,,,,,,,,,,,,,,,,,,,,,,,,,,,,,,,,,,,,,,
replicate,main_ablation,integrated_age_sex_cohort,4000,1200,30,300,m+f+s1+s2,0.5,0.12,0.25,60.0,0.125,2.0,6.0,2.0,-3.0,80.0,5.0,10.0,1,1,1,sex+cohort,10,1,2,300,25000,800,0.03,100,2020.0,1965.0,5,FH + age + sex CIP,,0.6386074656980449,0.6352249564946262,1.0232677725100967,1.01576702422145,-0.056573492684797756,-0.059024088231729326,-0.05398171056314585,-0.005042377668583474,70.76222976459528,69.32647693528365,0.43333333333333335,0.43333333333333335,0.9595679782816103,0.8737858971029765,0.92383657712248,0.9092947189121472,0.25,1.1778337135538632,1.1858032893609722,0,nan,nan,nan,nan,nan,nan,nan,nan,nan,nan,,,,,,,,,,,,,,,,,,,,,,,,,,,,,,,,,,,,,,,,,,,,,,,,,,,,,,,
replicate,main_ablation,integrated_age_sex_cohort,4000,1200,30,300,m+f+s1+s2,0.5,0.12,0.25,60.0,0.125,2.0,6.0,2.0,-3.0,80.0,5.0,10.0,1,1,1,sex+cohort,10,1,2,300,25000,800,0.03,100,2020.0,1965.0,5,FH + age + cohort CIP,,0.6431993134061542,0.6375549588669202,1.0003212886350281,1.0025163572013875,0.0020732350751864618,0.011175936348345966,-0.007553901662270292,0.018729838010616257,71.76793863320707,69.81940366139321,0.43333333333333335,0.43333333333333335,1.1025740735612275,0.9039205146240128,0.9695089745724415,0.8792249119486714,0.25,1.1948136440329813,1.194358013085251,0,nan,nan,nan,nan,nan,nan,nan,nan,nan,nan,,,,,,,,,,,,,,,,,,,,,,,,,,,,,,,,,,,,,,,,,,,,,,,,,,,,,,,
replicate,main_ablation,integrated_age_sex_cohort,4000,1200,30,300,m+f+s1+s2,0.5,0.12,0.25,60.0,0.125,2.0,6.0,2.0,-3.0,80.0,5.0,10.0,1,1,1,sex+cohort,10,1,2,300,25000,800,0.03,100,2020.0,1965.0,5,LT-FH++ (full CIP),,0.6430852973927449,0.6373265951281838,1.0021615126721242,1.0028246904256568,-8.96169336372754e-05,0.0022007283125646147,-0.0025119162269454437,0.004712644539510058,71.75283227259168,69.78128264605466,0.43333333333333335,0.43333333333333335,1.0997575280986644,0.9379831001012471,0.9675914054267919,0.8840922613953238,0.25,1.1945585951206694,1.193696424380406,0,nan,nan,nan,nan,nan,nan,nan,nan,nan,nan,,,,,,,,,,,,,,,,,,,,,,,,,,,,,,,,,,,,,,,,,,,,,,,,,,,,,,,
replicate,main_ablation,integrated_age_sex_cohort,4000,1200,30,300,m+f+s1+s2,0.5,0.12,0.25,60.0,0.125,2.0,6.0,2.0,-3.0,80.0,5.0,10.0,1,1,1,sex+cohort,10,1,2,300,25000,800,0.03,100,2020.0,1965.0,5,oracle (true g),,0.9999999999999999,1.0,1.0,1.0,0.0,0.0,0.0,0.0,170.5139559597662,168.8023018238274,0.6,0.6,0.9380277355536302,0.9262786160985282,1.0589080244658382,1.0515658460719486,0.25,2.8619964258743584,2.9122022734101205,0,nan,nan,nan,nan,nan,nan,nan,nan,nan,nan,,,,,,,,,,,,,,,,,,,,,,,,,,,,,,,,,,,,,,,,,,,,,,,,,,,,,,,
replicate,main_ablation,integrated_age_sex_cohort,4000,1200,30,300,m+f+s1+s2,0.5,0.12,0.25,60.0,0.125,2.0,6.0,2.0,-3.0,80.0,5.0,10.0,1,1,1,sex+cohort,10,1,2,300,25000,800,0.03,100,2020.0,1965.0,6,case/control,,0.6066096076659748,0.6071688600145811,1.1434489493088107,1.1716117823558694,-0.0044701937865917005,0.005568426936286358,-0.015312739413954014,0.02088116635024037,61.12501122460844,60.96437968090306,0.4666666666666667,0.5,1.1132045521711742,1.018814113720374,0.9953797215310236,1.000802300268382,0.25,1.0,1.0,0,nan,nan,nan,nan,nan,nan,nan,nan,nan,nan,,,,,,,,,,,,,,,,,,,,,,,,,,,,,,,,,,,,,,,,,,,,,,,,,,,,,,,
replicate,main_ablation,integrated_age_sex_cohort,4000,1200,30,300,m+f+s1+s2,0.5,0.12,0.25,60.0,0.125,2.0,6.0,2.0,-3.0,80.0,5.0,10.0,1,1,1,sex+cohort,10,1,2,300,25000,800,0.03,100,2020.0,1965.0,6,ADuLT (no family history),,0.6227104756398355,0.620165285462326,1.039155975906549,1.0430185289127125,-0.020603335917665534,-0.021061762693492858,-0.020108196857138577,-0.0009535658363542809,64.45355881695929,63.65613819081298,0.5,0.4666666666666667,0.9592334950116999,0.9624333528802087,0.9494328910438329,1.0219082573265124,0.25,1.0553604485813137,1.0448892913465286,0,nan,nan,nan,nan,nan,nan,nan,nan,nan,nan,,,,,,,,,,,,,,,,,,,,,,,,,,,,,,,,,,,,,,,,,,,,,,,,,,,,,,,
replicate,main_ablation,integrated_age_sex_cohort,4000,1200,30,300,m+f+s1+s2,0.5,0.12,0.25,60.0,0.125,2.0,6.0,2.0,-3.0,80.0,5.0,10.0,1,1,1,sex+cohort,10,1,2,300,25000,800,0.03,100,2020.0,1965.0,6,LT-FH (single K),,0.6495494987193955,0.6512238162742597,1.1986313943485,1.2297053394353012,-0.2129146459804116,-0.20420454045703232,-0.22232228465542922,0.0181177441983969,69.92414947976216,69.97179285391638,0.5,0.5,1.085370910829753,0.883782653246517,1.0850584465359605,1.0293420197843526,0.25,1.146347386485848,1.1502127299731233,0,nan,nan,nan,nan,nan,nan,nan,nan,nan,nan,,,,,,,,,,,,,,,,,,,,,,,,,,,,,,,,,,,,,,,,,,,,,,,,,,,,,,,
replicate,main_ablation,integrated_age_sex_cohort,4000,1200,30,300,m+f+s1+s2,0.5,0.12,0.25,60.0,0.125,2.0,6.0,2.0,-3.0,80.0,5.0,10.0,1,1,1,sex+cohort,10,1,2,300,25000,800,0.03,100,2020.0,1965.0,6,FH + age CIP,,0.6603856864892587,0.6592350144007963,1.0478146316528525,1.044703911748659,-0.06932316146583033,-0.06469036967806954,-0.07432696206030727,0.009636592382237727,72.33500564472412,71.7538537460625,0.5,0.5,0.9380121206917926,0.9803055976143287,1.006379471910876,1.004413449016742,0.25,1.1864447788331982,1.1799313879769122,0,nan,nan,nan,nan,nan,nan,nan,nan,nan,nan,,,,,,,,,,,,,,,,,,,,,,,,,,,,,,,,,,,,,,,,,,,,,,,,,,,,,,,
replicate,main_ablation,integrated_age_sex_cohort,4000,1200,30,300,m+f+s1+s2,0.5,0.12,0.25,60.0,0.125,2.0,6.0,2.0,-3.0,80.0,5.0,10.0,1,1,1,sex+cohort,10,1,2,300,25000,800,0.03,100,2020.0,1965.0,6,FH + age + sex CIP,,0.6599619629114619,0.6589921042285263,1.0457282617403338,1.0424720726718817,-0.07241656258217033,-0.07571702536874841,-0.06885178816317775,-0.006865237205570668,72.25631323144377,71.71200994270284,0.5,0.5,0.9894685860046214,0.9693222485064041,1.009371948331305,1.0031809333060844,0.25,1.1851359655510454,1.1792335769834135,0,nan,nan,nan,nan,nan,nan,nan,nan,nan,nan,,,,,,,,,,,,,,,,,,,,,,,,,,,,,,,,,,,,,,,,,,,,,,,,,,,,,,,
replicate,main_ablation,integrated_age_sex_cohort,4000,1200,30,300,m+f+s1+s2,0.5,0.12,0.25,60.0,0.125,2.0,6.0,2.0,-3.0,80.0,5.0,10.0,1,1,1,sex+cohort,10,1,2,300,25000,800,0.03,100,2020.0,1965.0,6,FH + age + cohort CIP,,0.6625107623682743,0.6604641959149338,1.0257747070815704,1.0300923536685407,-0.013199638418378094,-0.0061206672292817,-0.02084551629656489,0.014724849067283188,72.7369980952573,71.97822825715667,0.5,0.5,0.9254179597738827,0.9516437974398413,0.9924491953378001,1.0128757697803874,0.25,1.1931307227082266,1.1836731845616209,0,nan,nan,nan,nan,nan,nan,nan,nan,nan,nan,,,,,,,,,,,,,,,,,,,,,,,,,,,,,,,,,,,,,,,,,,,,,,,,,,,,,,,
replicate,main_ablation,integrated_age_sex_cohort,4000,1200,30,300,m+f+s1+s2,0.5,0.12,0.25,60.0,0.125,2.0,6.0,2.0,-3.0,80.0,5.0,10.0,1,1,1,sex+cohort,10,1,2,300,25000,800,0.03,100,2020.0,1965.0,6,LT-FH++ (full CIP),,0.6624484553559362,0.660283430772025,1.025433932043198,1.0289230325128051,-0.014929972041763098,-0.01468178395798137,-0.01519803582232193,0.0005162518643405598,72.73159612100952,71.94697728495991,0.5,0.5,0.9019959355333655,0.9164122183354614,0.9926338709109389,1.021747818267382,0.25,1.1930408769994647,1.1831520256275494,0,nan,nan,nan,nan,nan,nan,nan,nan,nan,nan,,,,,,,,,,,,,,,,,,,,,,,,,,,,,,,,,,,,,,,,,,,,,,,,,,,,,,,
replicate,main_ablation,integrated_age_sex_cohort,4000,1200,30,300,m+f+s1+s2,0.5,0.12,0.25,60.0,0.125,2.0,6.0,2.0,-3.0,80.0,5.0,10.0,1,1,1,sex+cohort,10,1,2,300,25000,800,0.03,100,2020.0,1965.0,6,oracle (true g),,0.9999999999999999,1.0,1.0000000000000002,1.0,0.0,0.0,0.0,0.0,163.87642526328983,163.05340542361324,0.7333333333333333,0.7333333333333333,1.191341647567276,1.0901226034490537,0.9206134179610742,0.8909431058132025,0.25,2.7089629082119235,2.702494485659169,0,nan,nan,nan,nan,nan,nan,nan,nan,nan,nan,,,,,,,,,,,,,,,,,,,,,,,,,,,,,,,,,,,,,,,,,,,,,,,,,,,,,,,
replicate,main_ablation,integrated_age_sex_cohort,4000,1200,30,300,m+f+s1+s2,0.5,0.12,0.25,60.0,0.125,2.0,6.0,2.0,-3.0,80.0,5.0,10.0,1,1,1,sex+cohort,10,1,2,300,25000,800,0.03,100,2020.0,1965.0,7,case/control,,0.5823165236425468,0.5795673395769116,1.0901619328021173,1.1229358587648768,0.004356336920947461,0.020437345957519032,-0.012943056816890036,0.03338040277440907,59.78947100873877,58.91346089230383,0.4666666666666667,0.4666666666666667,1.0589676086555164,0.9586834090241148,1.163895733555531,1.1379948098276869,0.25,1.0,1.0,0,nan,nan,nan,nan,nan,nan,nan,nan,nan,nan,,,,,,,,,,,,,,,,,,,,,,,,,,,,,,,,,,,,,,,,,,,,,,,,,,,,,,,
replicate,main_ablation,integrated_age_sex_cohort,4000,1200,30,300,m+f+s1+s2,0.5,0.12,0.25,60.0,0.125,2.0,6.0,2.0,-3.0,80.0,5.0,10.0,1,1,1,sex+cohort,10,1,2,300,25000,800,0.03,100,2020.0,1965.0,7,ADuLT (no family history),,0.6003813992763052,0.5948718350014166,0.996786618274879,1.00056685158982,-0.010801761058277256,-0.004069383396115772,-0.018044220266196703,0.013974836870080932,63.87931452478565,62.33572752403665,0.4666666666666667,0.5,0.8161911666624472,0.8725934351673189,1.0674890984716363,1.1496835701628614,0.25,1.0695676189268473,1.0590927666729655,0,nan,nan,nan,nan,nan,nan,nan,nan,nan,nan,,,,,,,,,,,,,,,,,,,,,,,,,,,,,,,,,,,,,,,,,,,,,,,,,,,,,,,
replicate,main_ablation,integrated_age_sex_cohort,4000,1200,30,300,m+f+s1+s2,0.5,0.12,0.25,60.0,0.125,2.0,6.0,2.0,-3.0,80.0,5.0,10.0,1,1,1,sex+cohort,10,1,2,300,25000,800,0.03,100,2020.0,1965.0,7,LT-FH (single K),,0.6335581067292123,0.632984489941754,1.1644659124101955,1.2034033868022156,-0.20452162113982714,-0.19043251090416724,-0.21967819899064342,0.02924568808647618,70.2124056025261,69.66261997217678,0.5,0.5,1.0569114701250821,0.8714091413935128,1.026513727362121,1.056374244151254,0.25,1.1772925392071993,1.1856072649476457,0,nan,nan,nan,nan,nan,nan,nan,nan,nan,nan,,,,,,,,,,,,,,,,,,,,,,,,,,,,,,,,,,,,,,,,,,,,,,,,,,,,,,,
replicate,main_ablation,integrated_age_sex_cohort,4000,1200,30,300,m+f+s1+s2,0.5,0.12,0.25,60.0,0.125,2.0,6.0,2.0,-3.0,80.0,5.0,10.0,1,1,1,sex+cohort,10,1,2,300,25000,800,0.03,100,2020.0,1965.0,7,FH + age CIP,,0.6465141458655255,0.6431085097151124,1.0227531661356315,1.0191675273632068,-0.05662546879480587,-0.04467457079899542,-0.06948183181780279,0.02480726101880737,73.44539481588144,72.1111382349007,0.5333333333333333,0.5333333333333333,0.8927684038482229,0.9482572261392913,0.9584664435396685,0.9452444293047224,0.25,1.2322851961895147,1.2278861794693867,0,nan,nan,nan,nan,nan,nan,nan,nan,nan,nan,,,,,,,,,,,,,,,,,,,,,,,,,,,,,,,,,,,,,,,,,,,,,,,,,,,,,,,
replicate,main_ablation,integrated_age_sex_cohort,4000,1200,30,300,m+f+s1+s2,0.5,0.12,0.25,60.0,0.125,2.0,6.0,2.0,-3.0,80.0,5.0,10.0,1,1,1,sex+cohort,10,1,2,300,25000,800,0.03,100,2020.0,1965.0,7,FH + age + sex CIP,,0.6460315365783513,0.6426635435899288,1.0232150686227857,1.01813550862325,-0.06020433869545758,-0.05580289146586885,-0.06493926350445468,0.009136372038585833,73.36049749582827,72.03349910615147,0.5333333333333333,0.5333333333333333,0.8785581690887139,0.9504507373660637,0.9537081257841701,0.9478302795712447,0.25,1.2308411056305002,1.2265455735454271,0,nan,nan,nan,nan,nan,nan,nan,nan,nan,nan,,,,,,,,,,,,,,,,,,,,,,,,,,,,,,,,,,,,,,,,,,,,,,,,,,,,,,,
replicate,main_ablation,integrated_age_sex_cohort,4000,1200,30,300,m+f+s1+s2,0.5,0.12,0.25,60.0,0.125,2.0,6.0,2.0,-3.0,80.0,5.0,10.0,1,1,1,sex+cohort,10,1,2,300,25000,800,0.03,100,2020.0,1965.0,7,FH + age + cohort CIP,,0.6489526737558601,0.6447452049739747,0.9994241010344456,1.0065753717841728,-0.0026320010380868277,0.011813732426519449,-0.018172221833171843,0.02998595425969129,73.89771473375887,72.45171172933017,0.5333333333333333,0.5333333333333333,0.9004307836934006,0.9586161394387993,1.0110114251102313,0.9822990676756767,0.25,1.239979089502659,1.2337669106358906,0,nan,nan,nan,nan,nan,nan,nan,nan,nan,nan,,,,,,,,,,,,,,,,,,,,,,,,,,,,,,,,,,,,,,,,,,,,,,,,,,,,,,,
replicate,main_ablation,integrated_age_sex_cohort,4000,1200,30,300,m+f+s1+s2,0.5,0.12,0.25,60.0,0.125,2.0,6.0,2.0,-3.0,80.0,5.0,10.0,1,1,1,sex+cohort,10,1,2,300,25000,800,0.03,100,2020.0,1965.0,7,LT-FH++ (full CIP),,0.6489771653210932,0.6445273513700712,1.0015041751383444,1.0067819117409116,-0.0048989422462195654,0.0030321926089461678,-0.013430983011532779,0.016463175620478946,73.92164288171365,72.42122523419333,0.5333333333333333,0.5333333333333333,0.9010067257233063,0.9387444226688033,1.0214463082308547,0.9813109116053177,0.25,1.2403861036761872,1.2332404959705068,0,nan,nan,nan,nan,nan,nan,nan,nan,nan,nan,,,,,,,,,,,,,,,,,,,,,,,,,,,,,,,,,,,,,,,,,,,,,,,,,,,,,,,
replicate,main_ablation,integrated_age_sex_cohort,4000,1200,30,300,m+f+s1+s2,0.5,0.12,0.25,60.0,0.125,2.0,6.0,2.0,-3.0,80.0,5.0,10.0,1,1,1,sex+cohort,10,1,2,300,25000,800,0.03,100,2020.0,1965.0,7,oracle (true g),,1.0,1.0,1.0,1.0000000000000002,0.0,0.0,0.0,0.0,170.7219410023981,169.218872408595,0.7333333333333333,0.7333333333333333,0.9000587893132892,0.9887733671834129,1.0296765699105146,1.0290998098904114,0.25,2.8869445172787787,2.904659293655678,0,nan,nan,nan,nan,nan,nan,nan,nan,nan,nan,,,,,,,,,,,,,,,,,,,,,,,,,,,,,,,,,,,,,,,,,,,,,,,,,,,,,,,
replicate,main_ablation,integrated_age_sex_cohort,4000,1200,30,300,m+f+s1+s2,0.5,0.12,0.25,60.0,0.125,2.0,6.0,2.0,-3.0,80.0,5.0,10.0,1,1,1,sex+cohort,10,1,2,300,25000,800,0.03,100,2020.0,1965.0,8,case/control,,0.5265310049530743,0.5251922765417375,0.9207767754900601,0.9542846571644515,0.04334832655962471,0.06851637022472312,0.016650231811331243,0.05186613841339188,46.736745027434466,46.33703635642011,0.4666666666666667,0.4,1.1905236378484507,1.0236562047302997,1.1011144627777238,1.0011203301324711,0.25,1.0,1.0,0,nan,nan,nan,nan,nan,nan,nan,nan,nan,nan,,,,,,,,,,,,,,,,,,,,,,,,,,,,,,,,,,,,,,,,,,,,,,,,,,,,,,,
replicate,main_ablation,integrated_age_sex_cohort,4000,1200,30,300,m+f+s1+s2,0.5,0.12,0.25,60.0,0.125,2.0,6.0,2.0,-3.0,80.0,5.0,10.0,1,1,1,sex+cohort,10,1,2,300,25000,800,0.03,100,2020.0,1965.0,8,ADuLT (no family history),,0.5387515620971549,0.5340440627526817,0.856732957071111,0.8641249001959999,0.02195179111806319,0.035792558102403324,0.007269596774551412,0.028522961327851912,49.08343333139051,48.01946601761908,0.4666666666666667,0.43333333333333335,1.098329202696354,1.0317945761593628,1.0756973460501922,1.0485344274650554,0.25,1.051308598863964,1.037109387741458,0,nan,nan,nan,nan,nan,nan,nan,nan,nan,nan,,,,,,,,,,,,,,,,,,,,,,,,,,,,,,,,,,,,,,,,,,,,,,,,,,,,,,,
replicate,main_ablation,integrated_age_sex_cohort,4000,1200,30,300,m+f+s1+s2,0.5,0.12,0.25,60.0,0.125,2.0,6.0,2.0,-3.0,80.0,5.0,10.0,1,1,1,sex+cohort,10,1,2,300,25000,800,0.03,100,2020.0,1965.0,8,LT-FH (single K),,0.5667395682749437,0.566212868792757,0.9927656932982811,1.0266302319706955,-0.1751483169709171,-0.15607291033212847,-0.19538338253983303,0.03931047220770456,54.008880493688835,53.67956713277975,0.5,0.5,1.2111405203947956,0.9374662366542266,0.96278900920659,0.9616675566426415,0.25,1.1589998471008878,1.161954361521028,0,nan,nan,nan,nan,nan,nan,nan,nan,nan,nan,,,,,,,,,,,,,,,,,,,,,,,,,,,,,,,,,,,,,,,,,,,,,,,,,,,,,,,
replicate,main_ablation,integrated_age_sex_cohort,4000,1200,30,300,m+f+s1+s2,0.5,0.12,0.25,60.0,0.125,2.0,6.0,2.0,-3.0,80.0,5.0,10.0,1,1,1,sex+cohort,10,1,2,300,25000,800,0.03,100,2020.0,1965.0,8,FH + age CIP,,0.5779557085335356,0.5745115177943175,0.8901592884668307,0.8869488001601837,-0.03529954767130937,-0.02092280294265695,-0.05055030367146154,0.029627500728804587,56.355339901704724,55.37910372282775,0.5,0.5,0.936012402430575,0.9572756468876656,0.9606763364434041,0.989670997296095,0.25,1.210303441324928,1.1994410771653188,0,nan,nan,nan,nan,nan,nan,nan,nan,nan,nan,,,,,,,,,,,,,,,,,,,,,,,,,,,,,,,,,,,,,,,,,,,,,,,,,,,,,,,
replicate,main_ablation,integrated_age_sex_cohort,4000,1200,30,300,m+f+s1+s2,0.5,0.12,0.25,60.0,0.125,2.0,6.0,2.0,-3.0,80.0,5.0,10.0,1,1,1,sex+cohort,10,1,2,300,25000,800,0.03,100,2020.0,1965.0,8,FH + age + sex CIP,,0.5783065235128856,0.5748915768777478,0.8915732487501032,0.8871544071781836,-0.03897577022084988,-0.03242816785298824,-0.045921423634259,0.013493255781270759,56.43754810871898,55.46664100129239,0.5,0.5,0.9038262142956733,0.9578381646194503,0.9905485972264259,0.9938437136787247,0.25,1.2121008627847398,1.2013718888261529,0,nan,nan,nan,nan,nan,nan,nan,nan,nan,nan,,,,,,,,,,,,,,,,,,,,,,,,,,,,,,,,,,,,,,,,,,,,,,,,,,,,,,,
replicate,main_ablation,integrated_age_sex_cohort,4000,1200,30,300,m+f+s1+s2,0.5,0.12,0.25,60.0,0.125,2.0,6.0,2.0,-3.0,80.0,5.0,10.0,1,1,1,sex+cohort,10,1,2,300,25000,800,0.03,100,2020.0,1965.0,8,FH + age + cohort CIP,,0.5807572979888609,0.5768500624409301,0.8678376855201716,0.8750078263639004,0.01989818092201004,0.0371485883035639,0.0015990625301401976,0.0355495257734237,56.86346780851633,55.82218985485394,0.5,0.5,0.9580818554163255,1.0272257546647203,0.9834986548163452,0.9729713434503449,0.25,1.2214132810502258,1.209214237645921,0,nan,nan,nan,nan,nan,nan,nan,nan,nan,nan,,,,,,,,,,,,,,,,,,,,,,,,,,,,,,,,,,,,,,,,,,,,,,,,,,,,,,,
replicate,main_ablation,integrated_age_sex_cohort,4000,1200,30,300,m+f+s1+s2,0.5,0.12,0.25,60.0,0.125,2.0,6.0,2.0,-3.0,80.0,5.0,10.0,1,1,1,sex+cohort,10,1,2,300,25000,800,0.03,100,2020.0,1965.0,8,LT-FH++ (full CIP),,0.5813537440775991,0.5772051123299491,0.870349618343613,0.8759340979270132,0.017627007480951352,0.02815654809684949,0.006457340233071781,0.021699207863777707,56.98904271649135,55.90323890337452,0.5,0.5,0.8973331557137706,0.9650890295365184,0.9831546873575816,0.9451821028064006,0.25,1.2241588832547485,1.2110019382773298,0,nan,nan,nan,nan,nan,nan,nan,nan,nan,nan,,,,,,,,,,,,,,,,,,,,,,,,,,,,,,,,,,,,,,,,,,,,,,,,,,,,,,,
replicate,main_ablation,integrated_age_sex_cohort,4000,1200,30,300,m+f+s1+s2,0.5,0.12,0.25,60.0,0.125,2.0,6.0,2.0,-3.0,80.0,5.0,10.0,1,1,1,sex+cohort,10,1,2,300,25000,800,0.03,100,2020.0,1965.0,8,oracle (true g),,0.9999999999999999,1.0,0.9999999999999997,0.9999999999999998,0.0,0.0,0.0,0.0,163.99925425031094,162.98647730627147,0.6666666666666666,0.6666666666666666,1.0019829528875348,1.050948367511092,1.0578520215396634,1.0457152349471444,0.25,3.5638577724002527,3.5729392638902127,0,nan,nan,nan,nan,nan,nan,nan,nan,nan,nan,,,,,,,,,,,,,,,,,,,,,,,,,,,,,,,,,,,,,,,,,,,,,,,,,,,,,,,
replicate,main_ablation,integrated_age_sex_cohort,4000,1200,30,300,m+f+s1+s2,0.5,0.12,0.25,60.0,0.125,2.0,6.0,2.0,-3.0,80.0,5.0,10.0,1,1,1,sex+cohort,10,1,2,300,25000,800,0.03,100,2020.0,1965.0,9,case/control,,0.5811876873498298,0.5825943390570516,1.0745245336916347,1.1084248834718686,0.03516692155965129,0.06316547087612856,0.005406730666789161,0.057758740209339396,58.33083279385264,58.30536374795375,0.5333333333333333,0.5333333333333333,1.262961426757832,1.1213610890447139,0.9838288867022401,1.0164524554860546,0.25,1.0,1.0,0,nan,nan,nan,nan,nan,nan,nan,nan,nan,nan,,,,,,,,,,,,,,,,,,,,,,,,,,,,,,,,,,,,,,,,,,,,,,,,,,,,,,,
replicate,main_ablation,integrated_age_sex_cohort,4000,1200,30,300,m+f+s1+s2,0.5,0.12,0.25,60.0,0.125,2.0,6.0,2.0,-3.0,80.0,5.0,10.0,1,1,1,sex+cohort,10,1,2,300,25000,800,0.03,100,2020.0,1965.0,9,ADuLT (no family history),,0.5975406453054245,0.594777250872401,0.9826985585882088,0.988082613641528,0.018794414979323073,0.03317482088263648,0.003509207879411297,0.02966561300322518,61.776643436741466,60.903116921333336,0.5333333333333333,0.5333333333333333,1.0369270753191895,1.1325880671400617,1.0118439207074925,1.044626455426885,0.25,1.0601039698006673,1.0453317630929853,0,nan,nan,nan,nan,nan,nan,nan,nan,nan,nan,,,,,,,,,,,,,,,,,,,,,,,,,,,,,,,,,,,,,,,,,,,,,,,,,,,,,,,
replicate,main_ablation,integrated_age_sex_cohort,4000,1200,30,300,m+f+s1+s2,0.5,0.12,0.25,60.0,0.125,2.0,6.0,2.0,-3.0,80.0,5.0,10.0,1,1,1,sex+cohort,10,1,2,300,25000,800,0.03,100,2020.0,1965.0,9,LT-FH (single K),,0.6182839828536625,0.6199644438262558,1.1292980096944754,1.1622234004049086,-0.18051871217285118,-0.15684407297913847,-0.2056829367103663,0.04883886373122784,65.7097077370865,65.75120253677308,0.5333333333333333,0.5333333333333333,1.2438280705522866,1.0171830750981297,1.0348136877812757,1.0017905117579167,0.25,1.1287069205808757,1.1299326677615793,0,nan,nan,nan,nan,nan,nan,nan,nan,nan,nan,,,,,,,,,,,,,,,,,,,,,,,,,,,,,,,,,,,,,,,,,,,,,,,,,,,,,,,
replicate,main_ablation,integrated_age_sex_cohort,4000,1200,30,300,m+f+s1+s2,0.5,0.12,0.25,60.0,0.125,2.0,6.0,2.0,-3.0,80.0,5.0,10.0,1,1,1,sex+cohort,10,1,2,300,25000,800,0.03,100,2020.0,1965.0,9,FH + age CIP,,0.6322488483163803,0.6307970770933405,0.9931573907746402,0.9899994952942888,-0.03556761227059614,-0.020774169108693664,-0.05129184453293809,0.03051767542424443,68.73866840768623,68.0898911499804,0.5333333333333333,0.5333333333333333,1.1085599726322848,1.1009172932507003,1.0059412655318154,1.011966398974565,0.25,1.1815399342140653,1.1707436575232635,0,nan,nan,nan,nan,nan,nan,nan,nan,nan,nan,,,,,,,,,,,,,,,,,,,,,,,,,,,,,,,,,,,,,,,,,,,,,,,,,,,,,,,
replicate,main_ablation,integrated_age_sex_cohort,4000,1200,30,300,m+f+s1+s2,0.5,0.12,0.25,60.0,0.125,2.0,6.0,2.0,-3.0,80.0,5.0,10.0,1,1,1,sex+cohort,10,1,2,300,25000,800,0.03,100,2020.0,1965.0,9,FH + age + sex CIP,,0.6319049714814409,0.6304372745795992,0.9927502369927019,0.9890614593736237,-0.03883790696128903,-0.03168240406098437,-0.046443627166306005,0.014761223105321637,68.67741947181021,68.02097452187915,0.5333333333333333,0.5333333333333333,1.0538289534295544,1.078018334537705,1.020708479324205,0.9939681171981942,0.25,1.1804715922261466,1.1695410366236847,0,nan,nan,nan,nan,nan,nan,nan,nan,nan,nan,,,,,,,,,,,,,,,,,,,,,,,,,,,,,,,,,,,,,,,,,,,,,,,,,,,,,,,
replicate,main_ablation,integrated_age_sex_cohort,4000,1200,30,300,m+f+s1+s2,0.5,0.12,0.25,60.0,0.125,2.0,6.0,2.0,-3.0,80.0,5.0,10.0,1,1,1,sex+cohort,10,1,2,300,25000,800,0.03,100,2020.0,1965.0,9,FH + age + cohort CIP,,0.6335353556382805,0.6312782949328222,0.971471592602103,0.9762421442167355,0.01849910287803002,0.03717111925244289,-0.0013477386627976863,0.038518857915240574,69.00056729460837,68.18248420517023,0.5333333333333333,0.5333333333333333,1.1703867406897344,1.0781290652006454,1.029483364954075,1.0111384321005605,0.25,1.186108137293617,1.1723594409182887,0,nan,nan,nan,nan,nan,nan,nan,nan,nan,nan,,,,,,,,,,,,,,,,,,,,,,,,,,,,,,,,,,,,,,,,,,,,,,,,,,,,,,,
replicate,main_ablation,integrated_age_sex_cohort,4000,1200,30,300,m+f+s1+s2,0.5,0.12,0.25,60.0,0.125,2.0,6.0,2.0,-3.0,80.0,5.0,10.0,1,1,1,sex+cohort,10,1,2,300,25000,800,0.03,100,2020.0,1965.0,9,LT-FH++ (full CIP),,0.633567379789055,0.6310091733399648,0.9725052887854695,0.9761130987858834,0.016577123205943015,0.028656568914335632,0.00373765048547,0.024918918428865632,69.01908083270331,68.13282981246219,0.5333333333333333,0.5333333333333333,1.1567545632714265,1.0712816202641984,1.0258416012225187,1.0377673596785666,0.25,1.1864310619258391,1.1714929532204454,0,nan,nan,nan,nan,nan,nan,nan,nan,nan,nan,,,,,,,,,,,,,,,,,,,,,,,,,,,,,,,,,,,,,,,,,,,,,,,,,,,,,,,
replicate,main_ablation,integrated_age_sex_cohort,4000,1200,30,300,m+f+s1+s2,0.5,0.12,0.25,60.0,0.125,2.0,6.0,2.0,-3.0,80.0,5.0,10.0,1,1,1,sex+cohort,10,1,2,300,25000,800,0.03,100,2020.0,1965.0,9,oracle (true g),,1.0,1.0,0.9999999999999998,1.0000000000000004,0.0,0.0,0.0,0.0,169.25237406363826,168.42792613027189,0.6333333333333333,0.6333333333333333,1.0709742004377714,1.0342379783614233,0.9433124075939654,0.9359413154210887,0.25,2.934762428249242,2.9216798425130035,0,nan,nan,nan,nan,nan,nan,nan,nan,nan,nan,,,,,,,,,,,,,,,,,,,,,,,,,,,,,,,,,,,,,,,,,,,,,,,,,,,,,,,
replicate,sex_isolation,prespecified_sex_rr_only,3000,600,30,150,m+f+s1+s2,0.5,0.12,0.25,60.0,0.125,2.0,0.0,1.0,0.0,80.0,0.0,10.0,1,0,1,sex_only,5,100001,0,300,25000,800,0.03,100,2020.0,1965.0,0,case/control,,0.5759789397847179,0.5654560337180473,1.0300999807731277,1.0764706777096509,0.048143981756341506,0.05393888619885533,0.041521233822039975,0.012417652376815358,40.41143803367155,38.41851835314218,0.36666666666666664,0.3333333333333333,1.2280549914336714,0.8620388768574097,1.0291958580928955,0.8959052203925782,0.25,1.0,1.0,0,nan,nan,nan,nan,nan,nan,nan,nan,nan,nan,,,,,,,,,,,,,,,,,,,,,,,,,,,,,,,,,,,,,,,,,,,,,,,,,,,,,,,
replicate,sex_isolation,prespecified_sex_rr_only,3000,600,30,150,m+f+s1+s2,0.5,0.12,0.25,60.0,0.125,2.0,0.0,1.0,0.0,80.0,0.0,10.0,1,0,1,sex_only,5,100001,0,300,25000,800,0.03,100,2020.0,1965.0,0,FH + age CIP,,0.6424066555608743,0.6310092316857294,0.9645358188827989,0.9658266427317327,0.017958731930968856,0.02394436492032411,0.011118008514562846,0.012826356405761265,49.993931897231896,47.43904652913866,0.4666666666666667,0.5,1.30628287513345,0.9553481979043372,1.0536524769990325,1.067053069478985,0.25,1.2431399193141202,1.2410712281780922,0,nan,nan,nan,nan,nan,nan,nan,nan,nan,nan,,,,,,,,,,,,,,,,,,,,,,,,,,,,,,,,,,,,,,,,,,,,,,,,,,,,,,,
replicate,sex_isolation,prespecified_sex_rr_only,3000,600,30,150,m+f+s1+s2,0.5,0.12,0.25,60.0,0.125,2.0,0.0,1.0,0.0,80.0,0.0,10.0,1,0,1,sex_only,5,100001,0,300,25000,800,0.03,100,2020.0,1965.0,0,FH + age + sex CIP,,0.643223458722761,0.6323887371806929,0.9795025596766288,0.9750472028962232,0.004847234176765763,-0.01295233180814137,0.02518959530237392,-0.03814192711051529,50.10763678850271,47.62945025411606,0.4666666666666667,0.5,1.271488363990847,0.9396716273558944,1.0471228919079416,0.9728086271095532,0.25,1.2460249927076275,1.2461597173368677,0,nan,nan,nan,nan,nan,nan,nan,nan,nan,nan,,,,,,,,,,,,,,,,,,,,,,,,,,,,,,,,,,,,,,,,,,,,,,,,,,,,,,,
replicate,sex_isolation,prespecified_sex_rr_only,3000,600,30,150,m+f+s1+s2,0.5,0.12,0.25,60.0,0.125,2.0,0.0,1.0,0.0,80.0,0.0,10.0,1,0,1,sex_only,5,100001,0,300,25000,800,0.03,100,2020.0,1965.0,1,case/control,,0.5530144539507319,0.5439332881377759,1.001000098278965,1.05296887593184,0.06206411421261364,0.09818742856518022,0.019941982314133445,0.07824544625104676,37.415102421818204,35.77843010803898,0.3333333333333333,0.3,0.826607784707311,0.9310501213334753,1.1220380947310917,1.2244421567914556,0.25,1.0,1.0,0,nan,nan,nan,nan,nan,nan,nan,nan,nan,nan,,,,,,,,,,,,,,,,,,,,,,,,,,,,,,,,,,,,,,,,,,,,,,,,,,,,,,,
replicate,sex_isolation,prespecified_sex_rr_only,3000,600,30,150,m+f+s1+s2,0.5,0.12,0.25,60.0,0.125,2.0,0.0,1.0,0.0,80.0,0.0,10.0,1,0,1,sex_only,5,100001,0,300,25000,800,0.03,100,2020.0,1965.0,1,FH + age CIP,,0.6224443873187091,0.6131611041210573,0.9566344753797656,0.9642755345612882,0.027568192706591957,0.06376283469572212,-0.014637111851130221,0.07839994654685234,47.242740976080924,45.191279748457525,0.3333333333333333,0.36666666666666664,0.8244177537964715,0.8925611649261812,1.1517931336517597,1.3066561485239163,0.25,1.269878097291152,1.2706519417690099,0,nan,nan,nan,nan,nan,nan,nan,nan,nan,nan,,,,,,,,,,,,,,,,,,,,,,,,,,,,,,,,,,,,,,,,,,,,,,,,,,,,,,,
replicate,sex_isolation,prespecified_sex_rr_only,3000,600,30,150,m+f+s1+s2,0.5,0.12,0.25,60.0,0.125,2.0,0.0,1.0,0.0,80.0,0.0,10.0,1,0,1,sex_only,5,100001,0,300,25000,800,0.03,100,2020.0,1965.0,1,FH + age + sex CIP,,0.6243898882797619,0.6136979878882088,0.9755460621536081,0.9739192682209752,0.013936352900087897,0.02697021804117546,-0.0012619808203860492,0.02823219886156151,47.56350676754934,45.27681433290268,0.3333333333333333,0.36666666666666664,0.8290138265773319,0.8983902519095884,1.193883546717219,1.254295953416763,0.25,1.2786866896096025,1.27311135653211,0,nan,nan,nan,nan,nan,nan,nan,nan,nan,nan,,,,,,,,,,,,,,,,,,,,,,,,,,,,,,,,,,,,,,,,,,,,,,,,,,,,,,,
replicate,sex_isolation,prespecified_sex_rr_only,3000,600,30,150,m+f+s1+s2,0.5,0.12,0.25,60.0,0.125,2.0,0.0,1.0,0.0,80.0,0.0,10.0,1,0,1,sex_only,5,100001,0,300,25000,800,0.03,100,2020.0,1965.0,2,case/control,,0.5424594191861389,0.5442513130359368,0.9804921189703354,1.053479638628542,0.02657428993358938,0.048208545413230414,0.0007996583139440134,0.0474088870992864,36.88798789620011,36.71081643468141,0.43333333333333335,0.43333333333333335,1.1647995902388382,1.1597432885645889,1.0073592524330424,1.039312914752185,0.25,1.0,1.0,0,nan,nan,nan,nan,nan,nan,nan,nan,nan,nan,,,,,,,,,,,,,,,,,,,,,,,,,,,,,,,,,,,,,,,,,,,,,,,,,,,,,,,
replicate,sex_isolation,prespecified_sex_rr_only,3000,600,30,150,m+f+s1+s2,0.5,0.12,0.25,60.0,0.125,2.0,0.0,1.0,0.0,80.0,0.0,10.0,1,0,1,sex_only,5,100001,0,300,25000,800,0.03,100,2020.0,1965.0,2,FH + age CIP,,0.6285231242791604,0.6248814456554809,0.9780387924219075,0.9976991492574919,-0.010017846167742095,0.016121568346167896,-0.0411598367244895,0.0572814050706574,48.983982934931234,47.947435769553955,0.4666666666666667,0.43333333333333335,1.2798302042182426,1.187415223704669,1.0488522775210825,1.0933226148984945,0.25,1.337048571062739,1.3146559069974058,0,nan,nan,nan,nan,nan,nan,nan,nan,nan,nan,,,,,,,,,,,,,,,,,,,,,,,,,,,,,,,,,,,,,,,,,,,,,,,,,,,,,,,
replicate,sex_isolation,prespecified_sex_rr_only,3000,600,30,150,m+f+s1+s2,0.5,0.12,0.25,60.0,0.125,2.0,0.0,1.0,0.0,80.0,0.0,10.0,1,0,1,sex_only,5,100001,0,300,25000,800,0.03,100,2020.0,1965.0,2,FH + age + sex CIP,,0.6294422589086779,0.6245235921119904,0.9945707116279366,1.0053251596221346,-0.023682935546545585,-0.021326958860433766,-0.026489800393184278,0.005162841532750512,49.171994066502975,47.889815259068186,0.4666666666666667,0.43333333333333335,1.1999659213469982,1.1532808410748356,1.0271882382218995,1.0450422673501463,0.25,1.3422874028444354,1.3130423759656757,0,nan,nan,nan,nan,nan,nan,nan,nan,nan,nan,,,,,,,,,,,,,,,,,,,,,,,,,,,,,,,,,,,,,,,,,,,,,,,,,,,,,,,
replicate,sex_isolation,prespecified_sex_rr_only,3000,600,30,150,m+f+s1+s2,0.5,0.12,0.25,60.0,0.125,2.0,0.0,1.0,0.0,80.0,0.0,10.0,1,0,1,sex_only,5,100001,0,300,25000,800,0.03,100,2020.0,1965.0,3,case/control,,0.5495262433638881,0.5416605987965855,1.0068896838538672,1.06494545994972,0.03342747836165154,0.05494162805656975,0.009328589834128318,0.04561303822244143,38.034386463584255,36.238339002565034,0.43333333333333335,0.4,0.9326715760454665,1.0446918356742907,0.937394826330471,0.9432448209038834,0.25,1.0,1.0,0,nan,nan,nan,nan,nan,nan,nan,nan,nan,nan,,,,,,,,,,,,,,,,,,,,,,,,,,,,,,,,,,,,,,,,,,,,,,,,,,,,,,,
replicate,sex_isolation,prespecified_sex_rr_only,3000,600,30,150,m+f+s1+s2,0.5,0.12,0.25,60.0,0.125,2.0,0.0,1.0,0.0,80.0,0.0,10.0,1,0,1,sex_only,5,100001,0,300,25000,800,0.03,100,2020.0,1965.0,3,FH + age CIP,,0.6302610392204676,0.6211936178170423,0.9876558428532303,1.000203960834343,0.005578836376523675,0.02719420272985783,-0.018633429114666887,0.04582763184452472,49.65618838643414,47.305164004791926,0.4666666666666667,0.4666666666666667,1.1315801852418004,1.062873371701286,1.1840271394878918,1.1873604205249004,0.25,1.3138111099606726,1.3140563748314393,0,nan,nan,nan,nan,nan,nan,nan,nan,nan,nan,,,,,,,,,,,,,,,,,,,,,,,,,,,,,,,,,,,,,,,,,,,,,,,,,,,,,,,
replicate,sex_isolation,prespecified_sex_rr_only,3000,600,30,150,m+f+s1+s2,0.5,0.12,0.25,60.0,0.125,2.0,0.0,1.0,0.0,80.0,0.0,10.0,1,0,1,sex_only,5,100001,0,300,25000,800,0.03,100,2020.0,1965.0,3,FH + age + sex CIP,,0.6323044326546123,0.6225662772299088,1.00594789854812,1.010704110802971,-0.007365237923784209,-0.009477800636709955,-0.004998869089870921,-0.004478931546839034,49.968631525808334,47.535306845410354,0.4666666666666667,0.4666666666666667,1.1057614153279596,1.0493339069005665,1.1482605552844258,1.1778707626359033,0.25,1.3222476784908794,1.3205874102642297,0,nan,nan,nan,nan,nan,nan,nan,nan,nan,nan,,,,,,,,,,,,,,,,,,,,,,,,,,,,,,,,,,,,,,,,,,,,,,,,,,,,,,,
replicate,sex_isolation,prespecified_sex_rr_only,3000,600,30,150,m+f+s1+s2,0.5,0.12,0.25,60.0,0.125,2.0,0.0,1.0,0.0,80.0,0.0,10.0,1,0,1,sex_only,5,100001,0,300,25000,800,0.03,100,2020.0,1965.0,4,case/control,,0.5841326950634624,0.5748723215149328,1.0754591628169694,1.130165809333781,0.028599137460747114,0.04182003430657205,0.01324460884729625,0.0285754254592758,40.74977301472042,38.77668432098819,0.36666666666666664,0.3,0.9708561459765587,1.074271268394779,0.957704640390886,0.9562062871339427,0.25,1.0,1.0,0,nan,nan,nan,nan,nan,nan,nan,nan,nan,nan,,,,,,,,,,,,,,,,,,,,,,,,,,,,,,,,,,,,,,,,,,,,,,,,,,,,,,,
replicate,sex_isolation,prespecified_sex_rr_only,3000,600,30,150,m+f+s1+s2,0.5,0.12,0.25,60.0,0.125,2.0,0.0,1.0,0.0,80.0,0.0,10.0,1,0,1,sex_only,5,100001,0,300,25000,800,0.03,100,2020.0,1965.0,4,FH + age CIP,,0.6685348119444794,0.6586432158565954,1.0313897248288046,1.0358192634561632,0.006828984207055586,0.01950552372968699,-0.007893336910006257,0.027398860639693247,53.33273036283466,50.86415738912238,0.4666666666666667,0.4666666666666667,1.3604020720967291,1.172791545622353,0.9444622627621905,0.8793767191582221,0.25,1.3165541937422998,1.3199717837973028,0,nan,nan,nan,nan,nan,nan,nan,nan,nan,nan,,,,,,,,,,,,,,,,,,,,,,,,,,,,,,,,,,,,,,,,,,,,,,,,,,,,,,,
replicate,sex_isolation,prespecified_sex_rr_only,3000,600,30,150,m+f+s1+s2,0.5,0.12,0.25,60.0,0.125,2.0,0.0,1.0,0.0,80.0,0.0,10.0,1,0,1,sex_only,5,100001,0,300,25000,800,0.03,100,2020.0,1965.0,4,FH + age + sex CIP,,0.6705413019339699,0.6605532943029099,1.0485246464298763,1.046567526101996,-0.0062424569669146815,-0.017145333180620285,0.006419961229406228,-0.023565294410026513,53.65978742892515,51.14895163888809,0.4666666666666667,0.4666666666666667,1.3559810333697366,1.2357191265465528,0.9206861766515081,0.8711970046032137,0.25,1.3247820914454984,1.3275106733235995,0,nan,nan,nan,nan,nan,nan,nan,nan,nan,nan,,,,,,,,,,,,,,,,,,,,,,,,,,,,,,,,,,,,,,,,,,,,,,,,,,,,,,,
paired_contrast,main_ablation,integrated_age_sex_cohort,4000,1200,30,300,m+f+s1+s2,0.5,0.12,0.25,60.0,0.125,2.0,6.0,2.0,-3.0,80.0,5.0,10.0,1,1,1,sex+cohort,10,1,2,300,25000,800,0.03,100,2020.0,1965.0,,,ADuLT (no family history) - case/control,,,,,,,,,,,,,,,,,,,,,,,,,,,,,,,case/control,ADuLT (no family history),10,0.016159979530618852,0.0038059284042482357,0.0012035402368954485,0.002722597167676158,0.013477105434212034,0.00397716532461022,0.001257690105681122,0.002845092681217279,-0.09280793996870582,0.01239550393629237,0.003919802518426657,0.008867209344032397,-0.11875775252218657,0.01183178428042395,0.0037415387109916054,0.008463948595165553,-0.01675555179502454,0.0024767929398422646,0.0007832306982525957,0.0017717909342193268,-0.027443127990868593,0.0032287073060698846,0.0010210068985207225,0.0023096780688121005,-0.005405203266594336,0.002894603591175026,0.0009153540271415949,0.002070674669045704,-0.022037924724274252,0.0035707495478202087,0.0011291701525128187,0.002554360348587928,3.4018328208648265,0.8535139867770528,0.2699048213026323,0.6105671247986053,2.8325336004017485,0.8577476809632555,0.2712436329571337,0.6135957271725482,0.05823818603985731,0.013127356656067322,0.004151234669054437,0.00939074524128976,0.04902104666987557,0.01346746563274252,0.004258786570950707,0.00963404454654299,,,,
paired_contrast,main_ablation,integrated_age_sex_cohort,4000,1200,30,300,m+f+s1+s2,0.5,0.12,0.25,60.0,0.125,2.0,6.0,2.0,-3.0,80.0,5.0,10.0,1,1,1,sex+cohort,10,1,2,300,25000,800,0.03,100,2020.0,1965.0,,,LT-FH++ (full CIP) - ADuLT (no family history),,,,,,,,,,,,,,,,,,,,,,,,,,,,,,,ADuLT (no family history),LT-FH++ (full CIP),10,0.04006861588861035,0.0047647199951257714,0.0015067367597543816,0.00340847535361395,0.04072800900612654,0.005005038769886063,0.001582732229028732,0.0035803890487773804,-0.008254806315232354,0.013476910594398199,0.004261773330075198,0.009640801065090175,-0.008868928603233805,0.01382912133854824,0.0043731521468648935,0.0098927574532812,0.00020593341572746406,0.004342755748822053,0.001373299948806778,0.00310662031594042,-0.001304194064577255,0.005909243685645987,0.001868666929560936,0.004227218279694847,0.0018047683292292348,0.0035596408689466375,0.0011256572798092309,0.002546413678439312,-0.00310896239380649,0.004561461561851782,0.0014424607994760654,0.0032630730296710313,8.289503612041589,1.0403324005975554,0.32898199095589903,0.7442089672908894,8.301310537007385,1.0530281727077861,0.3329967466081762,0.7532909755467971,0.14310127329216782,0.020800912419394937,0.00657782606549716,0.014880076350072794,0.14540003253861583,0.021562621766765745,0.006818699710770374,0.015424970392070374,,,,
paired_contrast,main_ablation,integrated_age_sex_cohort,4000,1200,30,300,m+f+s1+s2,0.5,0.12,0.25,60.0,0.125,2.0,6.0,2.0,-3.0,80.0,5.0,10.0,1,1,1,sex+cohort,10,1,2,300,25000,800,0.03,100,2020.0,1965.0,,,LT-FH (single K) - case/control,,,,,,,,,,,,,,,,,,,,,,,,,,,,,,,case/control,LT-FH (single K),10,0.04130818805935006,0.004822252517148633,0.0015249301406669855,0.0034496316405619298,0.04238023156206035,0.005380268089522834,0.0017013901585214864,0.003848811933908851,0.05846155511628505,0.013973103859957038,0.004418683417955469,0.009995756344312597,0.05990352614257951,0.015632768400812458,0.004943515428047539,0.011183008835237488,-0.2135525697521472,0.003860698977102442,0.0012208602127925965,0.0027617776752123517,-0.21713443844049637,0.005361903005104107,0.0016955826089030414,0.0038356743439408553,-0.20975203548991125,0.003191731393334933,0.0010093140882401152,0.0022832270942819304,-0.007382402950585125,0.004339212881971599,0.0013721795959373638,0.0031040859016719506,8.39478324419892,1.0853979916006367,0.34323298212303194,0.7764469490373895,8.523751388787797,1.171487684804501,0.3704569334819649,0.8380318056051913,0.14456517286837195,0.01854601531611177,0.005864764991928085,0.01326702013494608,0.14892960782850154,0.020582424571819056,0.006508734141556412,0.01472377955943486,,,,
paired_contrast,main_ablation,integrated_age_sex_cohort,4000,1200,30,300,m+f+s1+s2,0.5,0.12,0.25,60.0,0.125,2.0,6.0,2.0,-3.0,80.0,5.0,10.0,1,1,1,sex+cohort,10,1,2,300,25000,800,0.03,100,2020.0,1965.0,,,LT-FH++ (full CIP) - LT-FH (single K),,,,,,,,,,,,,,,,,,,,,,,,,,,,,,,LT-FH (single K),LT-FH++ (full CIP),10,0.01492040735987914,0.0026518305683275742,0.0008385824564773904,0.0018970053105641144,0.011824882878278231,0.0029156097020091804,0.0009219967426433816,0.002085701535498873,-0.15952430140022322,0.014654198709278992,0.004634064520602125,0.010482982248408143,-0.18753020726799985,0.014386120474149713,0.004549290739189457,0.010291210631563248,0.19700295137285012,0.0027536148180022347,0.0008707694623677084,0.0019698173764897244,0.1883871163850505,0.0033173007898649864,0.0010490226179848965,0.0023730540292704926,0.2061516005525461,0.0032995767663010884,0.0010434177896084553,0.0023603750266121583,-0.01776448416749562,0.003603975282498487,0.0011396770523643988,0.0025781286073465704,3.2965531887074966,0.5864168038831222,0.1854412758466939,0.4194973104454014,2.610092748621337,0.6265170055073234,0.1981220730231398,0.44818326660879854,0.05677428646365319,0.00991973265939908,0.0031368948983660373,0.007096149263459211,0.04549147137998986,0.010193076930700115,0.003223333946633064,0.007291687975646758,,,,
paired_contrast,main_ablation,integrated_age_sex_cohort,4000,1200,30,300,m+f+s1+s2,0.5,0.12,0.25,60.0,0.125,2.0,6.0,2.0,-3.0,80.0,5.0,10.0,1,1,1,sex+cohort,10,1,2,300,25000,800,0.03,100,2020.0,1965.0,,,FH + age CIP - LT-FH (single K),,,,,,,,,,,,,,,,,,,,,,,,,,,,,,,LT-FH (single K),FH + age CIP,10,0.01193232519438837,0.0027853589653029803,0.0008808078431527326,0.0019925257714860237,0.01036942627655676,0.003158701895492789,0.0009988692439248362,0.002259599214899226,-0.1385882209377372,0.014591813555519586,0.004614336602796172,0.010438354597835209,-0.1737410607137619,0.013488876073877405,0.004265557146920227,0.009649360653469085,0.1440866356378316,0.003032181387907479,0.0009588599464558171,0.0021690918960489245,0.13959103123780175,0.004078014857866877,0.0012895815282867153,0.002917236091298129,0.14884572277611507,0.003996511370847554,0.0012638078626640125,0.002858932008996725,-0.009254691538313303,0.005315574164084438,0.0016809321430052424,0.0038025326875709997,2.6478294632767416,0.6177362316889944,0.1953453485346705,0.44190187941793535,2.2974690685620316,0.6702577787921021,0.21195412004283437,0.47947353085133526,0.045612049747999414,0.01048514748605686,0.003315694765872825,0.007500622664457055,0.03991549032453172,0.010596619303386077,0.0033509452496406802,0.007580364798806581,,,,
paired_contrast,main_ablation,integrated_age_sex_cohort,4000,1200,30,300,m+f+s1+s2,0.5,0.12,0.25,60.0,0.125,2.0,6.0,2.0,-3.0,80.0,5.0,10.0,1,1,1,sex+cohort,10,1,2,300,25000,800,0.03,100,2020.0,1965.0,,,FH + age + sex CIP - FH + age CIP,,,,,,,,,,,,,,,,,,,,,,,,,,,,,,,FH + age CIP,FH + age + sex CIP,10,-0.0003700924612100143,0.00046122689123118463,0.0001458527494409286,0.0003299418418697608,-0.00017746569696539539,0.00034863117495787877,0.00011024685762075537,0.0002493957186489477,-0.0005065870739028421,0.0011194518891270732,0.0003540017700619833,0.0008008076398087452,-0.0011092746044984003,0.0007729570941498867,0.00024443049510988534,0.000552940195332801,-0.0033111211985800415,0.00024407485299237044,7.718324550266543e-05,0.00017460063166618102,-0.011108522596187515,0.00030625164625284877,9.684527393351728e-05,0.00021907923011727347,0.004977160903037134,0.00032213773795533026,0.00010186889722333162,0.00023044345552580766,-0.016085683499224644,0.0003274717706412599,0.00010355566646346396,0.00023425919264445498,-0.06883253090887323,0.10183617649413192,0.032203426592435754,0.07284921213452471,-0.027399182315136272,0.07339764943730509,0.02321037471244601,0.052505515408287386,-0.0011110639292270185,0.0017887563587570799,0.0005656544272781649,0.0012795992143674335,-0.00042900629620767905,0.0013479358044596178,0.0004262547281783742,0.0009642551865491361,,,,
paired_contrast,main_ablation,integrated_age_sex_cohort,4000,1200,30,300,m+f+s1+s2,0.5,0.12,0.25,60.0,0.125,2.0,6.0,2.0,-3.0,80.0,5.0,10.0,1,1,1,sex+cohort,10,1,2,300,25000,800,0.03,100,2020.0,1965.0,,,FH + age + cohort CIP - FH + age CIP,,,,,,,,,,,,,,,,,,,,,,,,,,,,,,,FH + age CIP,FH + age + cohort CIP,10,0.0029252840735509156,0.0009725226533457856,0.0003075386660683055,0.000695700796301012,0.0015187471549012344,0.0007889868184950199,0.0002494995390294125,0.0005644071693441813,-0.022013245720061893,0.002270882597275359,0.0007181161306229014,0.001624491548649666,-0.013670850707303683,0.0018099237190306314,0.0005723481343299436,0.001294741431720662,0.05487986156686062,0.0006458191726201674,0.00020422595420851813,0.0004619912051535125,0.05746776142011253,0.001188423581065119,0.0003758125341219531,0.0008501470159543266,0.05213875011732879,0.0013511665320891334,0.0004272763739592648,0.0009665663098702774,0.005329011302783737,0.00218617176331351,0.0006913282128417225,0.0015638930685630255,0.6259105538444686,0.2408551080263664,0.07616507274492201,0.17229736486922884,0.3170183494861242,0.17183290878633545,0.054338336873677937,0.12292185797636955,0.010715138579636973,0.0038775637699949997,0.0012261933285733467,0.0027738420212761058,0.005615007666495431,0.003120656568083452,0.0009868382550308023,0.0022323832271963695,,,,
paired_contrast,main_ablation,integrated_age_sex_cohort,4000,1200,30,300,m+f+s1+s2,0.5,0.12,0.25,60.0,0.125,2.0,6.0,2.0,-3.0,80.0,5.0,10.0,1,1,1,sex+cohort,10,1,2,300,25000,800,0.03,100,2020.0,1965.0,,,LT-FH++ (full CIP) - FH + age CIP,,,,,,,,,,,,,,,,,,,,,,,,,,,,,,,FH + age CIP,LT-FH++ (full CIP),10,0.0029880821654907686,0.0011169704917891022,0.0003532170833251966,0.0007990325550865265,0.001455456601721472,0.0009223582884715033,0.00029167530103045764,0.0006598153714536752,-0.020936080462486028,0.0025005662077747385,0.0007907484656618017,0.0017887973056127332,-0.01378914655423794,0.0022540169473375666,0.0007127827438206513,0.0016124265894926844,0.05291631573501852,0.0007289239820572639,0.0002305060024420662,0.0005214408045051844,0.04879608514724877,0.0010330825830661516,0.0003266893973539135,0.0007390227602526444,0.05730587777643108,0.0015655578393521264,0.0004950728581084705,0.0011199326121047275,-0.008509792629182316,0.002188718580083528,0.0006921335870193597,0.0015657149515277452,0.6487237254307552,0.2657331083415845,0.08403218720756962,0.1900940142019002,0.3126236800593055,0.1963865306487426,0.06210287386284914,0.14048646094266878,0.011162236715653773,0.004463558806203716,0.001411501229770585,0.003193037617302898,0.005575981055458134,0.0036921982370018993,0.0011675756001784182,0.0026412395071172823,,,,
paired_contrast,main_ablation,integrated_age_sex_cohort,4000,1200,30,300,m+f+s1+s2,0.5,0.12,0.25,60.0,0.125,2.0,6.0,2.0,-3.0,80.0,5.0,10.0,1,1,1,sex+cohort,10,1,2,300,25000,800,0.03,100,2020.0,1965.0,,,LT-FH++ (full CIP) - FH + age + sex CIP,,,,,,,,,,,,,,,,,,,,,,,,,,,,,,,FH + age + sex CIP,LT-FH++ (full CIP),10,0.0033581746267007826,0.000983670380369254,0.0003110638868811024,0.0007036753998133229,0.0016329222986868675,0.0007746252229616589,0.00024495800375746036,0.0005541335027983802,-0.020429493388583186,0.002139475796605052,0.0006765616516075102,0.0015304887862963286,-0.012679871949739541,0.0017176504924120309,0.0005431687780131781,0.0012287331418212187,0.05622743693359855,0.0006628187397826864,0.00020960168935557473,0.0004741519629220331,0.05990460774343629,0.0012403518526796645,0.00039223369544773637,0.00088729426366983,0.05232871687339395,0.0013298807148780737,0.00042054520753476865,0.0009513393535287404,0.00757589087004233,0.002199418656794369,0.0006955172483738378,0.0015733693252974505,0.7175562563396284,0.2449556649691708,0.07746178270636989,0.1752307265966624,0.3400228623744418,0.1700847696019137,0.05378552672470176,0.12167131453816464,0.012273300644880792,0.003869381106859245,0.0012236057432898585,0.002767988496692567,0.0060049873516658135,0.003051627605452598,0.0009650093803875876,0.002183002882065177,,,,
paired_contrast,main_ablation,integrated_age_sex_cohort,4000,1200,30,300,m+f+s1+s2,0.5,0.12,0.25,60.0,0.125,2.0,6.0,2.0,-3.0,80.0,5.0,10.0,1,1,1,sex+cohort,10,1,2,300,25000,800,0.03,100,2020.0,1965.0,,,LT-FH++ (full CIP) - FH + age + cohort CIP,,,,,,,,,,,,,,,,,,,,,,,,,,,,,,,FH + age + cohort CIP,LT-FH++ (full CIP),10,6.279809193985298e-05,0.00035543280247307186,0.00011239772109516354,0.00025426130986390145,-6.329055317976229e-05,0.0002724629514339475,8.616035045431142e-05,0.00019490825393424,0.0010771652575758627,0.0009518551609582309,0.00030100303112141907,0.0006809161628921134,-0.00011829584693425765,0.0006529869056718236,0.00020649259041884846,0.0004671186924922957,-0.0019635458318421183,0.0002227343610847223,7.043478942100945e-05,0.00015933456340285664,-0.00867167627286375,0.0002568115579350539,8.121094525310584e-05,0.00018371192150646546,0.005167127659102304,0.00029246438197820296,9.248535815246227e-05,0.00020921641540371926,-0.013838803931966053,0.0002618694714130266,8.281039793295159e-05,0.00018733013484282472,0.02281317158628653,0.07720222591128953,0.024413487431454328,0.05522714546331292,-0.0043946694268186095,0.05751399636334325,0.018187522584680576,0.04114303448950586,0.00044709813601679916,0.0014038614861157878,0.0004439399815514737,0.0010042620091439828,-3.90266110372961e-05,0.0010609572253404602,0.0003355041332088366,0.0007589630781055255,,,,
paired_contrast,sex_isolation,prespecified_sex_rr_only,3000,600,30,150,m+f+s1+s2,0.5,0.12,0.25,60.0,0.125,2.0,0.0,1.0,0.0,80.0,0.0,10.0,1,0,1,sex_only,5,100001,0,300,25000,800,0.03,100,2020.0,1965.0,,,FH + age + sex CIP - FH + age CIP,,,,,,,,,,,,,,,,,,,,,,,,,,,,,,,FH + age CIP,FH + age + sex CIP,5,0.0015462644352184584,0.0006212366997425368,0.00027782549814838766,0.000771367244433231,0.000968254715561101,0.0008894304796369119,0.00039776540274567547,0.0011043738054702617,0.017167444813932575,0.0015455443662070595,0.0006911884530161627,0.0019190467971459636,0.009547743360656225,0.001240730187260492,0.0005548714080901007,0.0015405700050059705,-0.01328478848275776,0.00033790024331879526,0.00015111358273490908,0.0004195585671132409,-0.036892140173297776,0.00032640850574277246,0.00014597432145499394,0.00040528969028828793,0.014012922462813784,0.0005185078908771524,0.00023188377817427114,0.0006438125808867273,-0.05090506263611155,0.0007716715483870729,0.0003451020076992026,0.0009581567800703842,0.25239640395513163,0.09648185975154429,0.043147999400010795,0.11979805173323753,0.146650977864185,0.13549060123772413,0.06059323893597366,0.16823380165186474,0.00671939274541189,0.0025730866871913924,0.001150719348911938,0.0031949091037429484,0.004000859569846504,0.003674228419416525,0.0016431649021353915,0.004562157149566628,,,,
cip_curve,sex_isolation,prespecified_sex_rr_only,3000,600,30,150,m+f+s1+s2,0.5,0.12,0.25,60.0,0.125,2.0,0.0,1.0,0.0,80.0,0.0,10.0,1,0,1,sex_only,5,100001,0,300,25000,800,0.03,100,2020.0,1965.0,,,female - male,,,,,,,,,,,,,,,,,,,,,,,,,,,,,,,,,,,,,,,,,,,,,,,,,,,,,,,,,,,,,,,,,,,,,,,,,,,,,,,,,,20.0,0.0005679072328838969,0.0011358144657677939,0.0005679072328838969
cip_curve,sex_isolation,prespecified_sex_rr_only,3000,600,30,150,m+f+s1+s2,0.5,0.12,0.25,60.0,0.125,2.0,0.0,1.0,0.0,80.0,0.0,10.0,1,0,1,sex_only,5,100001,0,300,25000,800,0.03,100,2020.0,1965.0,,,female - male,,,,,,,,,,,,,,,,,,,,,,,,,,,,,,,,,,,,,,,,,,,,,,,,,,,,,,,,,,,,,,,,,,,,,,,,,,,,,,,,,,22.0,0.0007278237721877333,0.0014556475443754666,0.0007278237721877333
cip_curve,sex_isolation,prespecified_sex_rr_only,3000,600,30,150,m+f+s1+s2,0.5,0.12,0.25,60.0,0.125,2.0,0.0,1.0,0.0,80.0,0.0,10.0,1,0,1,sex_only,5,100001,0,300,25000,800,0.03,100,2020.0,1965.0,,,female - male,,,,,,,,,,,,,,,,,,,,,,,,,,,,,,,,,,,,,,,,,,,,,,,,,,,,,,,,,,,,,,,,,,,,,,,,,,,,,,,,,,24.0,0.0009322729966320004,0.0018645459932640008,0.0009322729966320004
cip_curve,sex_isolation,prespecified_sex_rr_only,3000,600,30,150,m+f+s1+s2,0.5,0.12,0.25,60.0,0.125,2.0,0.0,1.0,0.0,80.0,0.0,10.0,1,0,1,sex_only,5,100001,0,300,25000,800,0.03,100,2020.0,1965.0,,,female - male,,,,,,,,,,,,,,,,,,,,,,,,,,,,,,,,,,,,,,,,,,,,,,,,,,,,,,,,,,,,,,,,,,,,,,,,,,,,,,,,,,26.0,0.0011933383260428869,0.0023866766520857737,0.0011933383260428869
cip_curve,sex_isolation,prespecified_sex_rr_only,3000,600,30,150,m+f+s1+s2,0.5,0.12,0.25,60.0,0.125,2.0,0.0,1.0,0.0,80.0,0.0,10.0,1,0,1,sex_only,5,100001,0,300,25000,800,0.03,100,2020.0,1965.0,,,female - male,,,,,,,,,,,,,,,,,,,,,,,,,,,,,,,,,,,,,,,,,,,,,,,,,,,,,,,,,,,,,,,,,,,,,,,,,,,,,,,,,,28.0,0.0015261805238447974,0.003052361047689595,0.0015261805238447974
cip_curve,sex_isolation,prespecified_sex_rr_only,3000,600,30,150,m+f+s1+s2,0.5,0.12,0.25,60.0,0.125,2.0,0.0,1.0,0.0,80.0,0.0,10.0,1,0,1,sex_only,5,100001,0,300,25000,800,0.03,100,2020.0,1965.0,,,female - male,,,,,,,,,,,,,,,,,,,,,,,,,,,,,,,,,,,,,,,,,,,,,,,,,,,,,,,,,,,,,,,,,,,,,,,,,,,,,,,,,,30.0,0.0019496944892653013,0.0038993889785306026,0.0019496944892653013
cip_curve,sex_isolation,prespecified_sex_rr_only,3000,600,30,150,m+f+s1+s2,0.5,0.12,0.25,60.0,0.125,2.0,0.0,1.0,0.0,80.0,0.0,10.0,1,0,1,sex_only,5,100001,0,300,25000,800,0.03,100,2020.0,1965.0,,,female - male,,,,,,,,,,,,,,,,,,,,,,,,,,,,,,,,,,,,,,,,,,,,,,,,,,,,,,,,,,,,,,,,,,,,,,,,,,,,,,,,,,32.0,0.0024872252563186686,0.004974450512637337,0.0024872252563186686
cip_curve,sex_isolation,prespecified_sex_rr_only,3000,600,30,150,m+f+s1+s2,0.5,0.12,0.25,60.0,0.125,2.0,0.0,1.0,0.0,80.0,0.0,10.0,1,0,1,sex_only,5,100001,0,300,25000,800,0.03,100,2020.0,1965.0,,,female - male,,,,,,,,,,,,,,,,,,,,,,,,,,,,,,,,,,,,,,,,,,,,,,,,,,,,,,,,,,,,,,,,,,,,,,,,,,,,,,,,,,34.0,0.0031672914193944315,0.006334582838788863,0.0031672914193944315
cip_curve,sex_isolation,prespecified_sex_rr_only,3000,600,30,150,m+f+s1+s2,0.5,0.12,0.25,60.0,0.125,2.0,0.0,1.0,0.0,80.0,0.0,10.0,1,0,1,sex_only,5,100001,0,300,25000,800,0.03,100,2020.0,1965.0,,,female - male,,,,,,,,,,,,,,,,,,,,,,,,,,,,,,,,,,,,,,,,,,,,,,,,,,,,,,,,,,,,,,,,,,,,,,,,,,,,,,,,,,36.0,0.00402421878330608,0.00804843756661216,0.00402421878330608
cip_curve,sex_isolation,prespecified_sex_rr_only,3000,600,30,150,m+f+s1+s2,0.5,0.12,0.25,60.0,0.125,2.0,0.0,1.0,0.0,80.0,0.0,10.0,1,0,1,sex_only,5,100001,0,300,25000,800,0.03,100,2020.0,1965.0,,,female - male,,,,,,,,,,,,,,,,,,,,,,,,,,,,,,,,,,,,,,,,,,,,,,,,,,,,,,,,,,,,,,,,,,,,,,,,,,,,,,,,,,38.0,0.005098521335618957,0.010197042671237914,0.005098521335618957
cip_curve,sex_isolation,prespecified_sex_rr_only,3000,600,30,150,m+f+s1+s2,0.5,0.12,0.25,60.0,0.125,2.0,0.0,1.0,0.0,80.0,0.0,10.0,1,0,1,sex_only,5,100001,0,300,25000,800,0.03,100,2020.0,1965.0,,,female - male,,,,,,,,,,,,,,,,,,,,,,,,,,,,,,,,,,,,,,,,,,,,,,,,,,,,,,,,,,,,,,,,,,,,,,,,,,,,,,,,,,40.0,0.006436780020178944,0.012873560040357888,0.006436780020178944
cip_curve,sex_isolation,prespecified_sex_rr_only,3000,600,30,150,m+f+s1+s2,0.5,0.12,0.25,60.0,0.125,2.0,0.0,1.0,0.0,80.0,0.0,10.0,1,0,1,sex_only,5,100001,0,300,25000,800,0.03,100,2020.0,1965.0,,,female - male,,,,,,,,,,,,,,,,,,,,,,,,,,,,,,,,,,,,,,,,,,,,,,,,,,,,,,,,,,,,,,,,,,,,,,,,,,,,,,,,,,42.0,0.008090670385520282,0.016181340771040564,0.008090670385520282
cip_curve,sex_isolation,prespecified_sex_rr_only,3000,600,30,150,m+f+s1+s2,0.5,0.12,0.25,60.0,0.125,2.0,0.0,1.0,0.0,80.0,0.0,10.0,1,0,1,sex_only,5,100001,0,300,25000,800,0.03,100,2020.0,1965.0,,,female - male,,,,,,,,,,,,,,,,,,,,,,,,,,,,,,,,,,,,,,,,,,,,,,,,,,,,,,,,,,,,,,,,,,,,,,,,,,,,,,,,,,44.0,0.010114703339890868,0.020229406679781736,0.010114703339890868
cip_curve,sex_isolation,prespecified_sex_rr_only,3000,600,30,150,m+f+s1+s2,0.5,0.12,0.25,60.0,0.125,2.0,0.0,1.0,0.0,80.0,0.0,10.0,1,0,1,sex_only,5,100001,0,300,25000,800,0.03,100,2020.0,1965.0,,,female - male,,,,,,,,,,,,,,,,,,,,,,,,,,,,,,,,,,,,,,,,,,,,,,,,,,,,,,,,,,,,,,,,,,,,,,,,,,,,,,,,,,46.0,0.012562221319665038,0.025124442639330075,0.012562221319665038
cip_curve,sex_isolation,prespecified_sex_rr_only,3000,600,30,150,m+f+s1+s2,0.5,0.12,0.25,60.0,0.125,2.0,0.0,1.0,0.0,80.0,0.0,10.0,1,0,1,sex_only,5,100001,0,300,25000,800,0.03,100,2020.0,1965.0,,,female - male,,,,,,,,,,,,,,,,,,,,,,,,,,,,,,,,,,,,,,,,,,,,,,,,,,,,,,,,,,,,,,,,,,,,,,,,,,,,,,,,,,48.0,0.015479318993397904,0.03095863798679581,0.015479318993397904
cip_curve,sex_isolation,prespecified_sex_rr_only,3000,600,30,150,m+f+s1+s2,0.5,0.12,0.25,60.0,0.125,2.0,0.0,1.0,0.0,80.0,0.0,10.0,1,0,1,sex_only,5,100001,0,300,25000,800,0.03,100,2020.0,1965.0,,,female - male,,,,,,,,,,,,,,,,,,,,,,,,,,,,,,,,,,,,,,,,,,,,,,,,,,,,,,,,,,,,,,,,,,,,,,,,,,,,,,,,,,50.0,0.018896733400147372,0.037793466800294745,0.018896733400147372
cip_curve,sex_isolation,prespecified_sex_rr_only,3000,600,30,150,m+f+s1+s2,0.5,0.12,0.25,60.0,0.125,2.0,0.0,1.0,0.0,80.0,0.0,10.0,1,0,1,sex_only,5,100001,0,300,25000,800,0.03,100,2020.0,1965.0,,,female - male,,,,,,,,,,,,,,,,,,,,,,,,,,,,,,,,,,,,,,,,,,,,,,,,,,,,,,,,,,,,,,,,,,,,,,,,,,,,,,,,,,52.0,0.022820436335120667,0.045640872670241334,0.022820436335120667
cip_curve,sex_isolation,prespecified_sex_rr_only,3000,600,30,150,m+f+s1+s2,0.5,0.12,0.25,60.0,0.125,2.0,0.0,1.0,0.0,80.0,0.0,10.0,1,0,1,sex_only,5,100001,0,300,25000,800,0.03,100,2020.0,1965.0,,,female - male,,,,,,,,,,,,,,,,,,,,,,,,,,,,,,,,,,,,,,,,,,,,,,,,,,,,,,,,,,,,,,,,,,,,,,,,,,,,,,,,,,54.0,0.027222590083460275,0.05444518016692055,0.027222590083460275
cip_curve,sex_isolation,prespecified_sex_rr_only,3000,600,30,150,m+f+s1+s2,0.5,0.12,0.25,60.0,0.125,2.0,0.0,1.0,0.0,80.0,0.0,10.0,1,0,1,sex_only,5,100001,0,300,25000,800,0.03,100,2020.0,1965.0,,,female - male,,,,,,,,,,,,,,,,,,,,,,,,,,,,,,,,,,,,,,,,,,,,,,,,,,,,,,,,,,,,,,,,,,,,,,,,,,,,,,,,,,56.0,0.032035388049704766,0.06407077609940953,0.032035388049704766
cip_curve,sex_isolation,prespecified_sex_rr_only,3000,600,30,150,m+f+s1+s2,0.5,0.12,0.25,60.0,0.125,2.0,0.0,1.0,0.0,80.0,0.0,10.0,1,0,1,sex_only,5,100001,0,300,25000,800,0.03,100,2020.0,1965.0,,,female - male,,,,,,,,,,,,,,,,,,,,,,,,,,,,,,,,,,,,,,,,,,,,,,,,,,,,,,,,,,,,,,,,,,,,,,,,,,,,,,,,,,58.0,0.037150555822376946,0.07430111164475389,0.037150555822376946
cip_curve,sex_isolation,prespecified_sex_rr_only,3000,600,30,150,m+f+s1+s2,0.5,0.12,0.25,60.0,0.125,2.0,0.0,1.0,0.0,80.0,0.0,10.0,1,0,1,sex_only,5,100001,0,300,25000,800,0.03,100,2020.0,1965.0,,,female - male,,,,,,,,,,,,,,,,,,,,,,,,,,,,,,,,,,,,,,,,,,,,,,,,,,,,,,,,,,,,,,,,,,,,,,,,,,,,,,,,,,60.0,0.042426406871192854,0.08485281374238571,0.042426406871192854
cip_curve,sex_isolation,prespecified_sex_rr_only,3000,600,30,150,m+f+s1+s2,0.5,0.12,0.25,60.0,0.125,2.0,0.0,1.0,0.0,80.0,0.0,10.0,1,0,1,sex_only,5,100001,0,300,25000,800,0.03,100,2020.0,1965.0,,,female - male,,,,,,,,,,,,,,,,,,,,,,,,,,,,,,,,,,,,,,,,,,,,,,,,,,,,,,,,,,,,,,,,,,,,,,,,,,,,,,,,,,62.0,0.047702257920008755,0.09540451584001751,0.047702257920008755
cip_curve,sex_isolation,prespecified_sex_rr_only,3000,600,30,150,m+f+s1+s2,0.5,0.12,0.25,60.0,0.125,2.0,0.0,1.0,0.0,80.0,0.0,10.0,1,0,1,sex_only,5,100001,0,300,25000,800,0.03,100,2020.0,1965.0,,,female - male,,,,,,,,,,,,,,,,,,,,,,,,,,,,,,,,,,,,,,,,,,,,,,,,,,,,,,,,,,,,,,,,,,,,,,,,,,,,,,,,,,64.0,0.05281742569268094,0.10563485138536188,0.05281742569268094
cip_curve,sex_isolation,prespecified_sex_rr_only,3000,600,30,150,m+f+s1+s2,0.5,0.12,0.25,60.0,0.125,2.0,0.0,1.0,0.0,80.0,0.0,10.0,1,0,1,sex_only,5,100001,0,300,25000,800,0.03,100,2020.0,1965.0,,,female - male,,,,,,,,,,,,,,,,,,,,,,,,,,,,,,,,,,,,,,,,,,,,,,,,,,,,,,,,,,,,,,,,,,,,,,,,,,,,,,,,,,66.0,0.05763022365892543,0.11526044731785086,0.05763022365892543
cip_curve,sex_isolation,prespecified_sex_rr_only,3000,600,30,150,m+f+s1+s2,0.5,0.12,0.25,60.0,0.125,2.0,0.0,1.0,0.0,80.0,0.0,10.0,1,0,1,sex_only,5,100001,0,300,25000,800,0.03,100,2020.0,1965.0,,,female - male,,,,,,,,,,,,,,,,,,,,,,,,,,,,,,,,,,,,,,,,,,,,,,,,,,,,,,,,,,,,,,,,,,,,,,,,,,,,,,,,,,68.0,0.06203237740726504,0.12406475481453008,0.06203237740726504
cip_curve,sex_isolation,prespecified_sex_rr_only,3000,600,30,150,m+f+s1+s2,0.5,0.12,0.25,60.0,0.125,2.0,0.0,1.0,0.0,80.0,0.0,10.0,1,0,1,sex_only,5,100001,0,300,25000,800,0.03,100,2020.0,1965.0,,,female - male,,,,,,,,,,,,,,,,,,,,,,,,,,,,,,,,,,,,,,,,,,,,,,,,,,,,,,,,,,,,,,,,,,,,,,,,,,,,,,,,,,70.0,0.06595608034223834,0.13191216068447667,0.06595608034223834
cip_curve,sex_isolation,prespecified_sex_rr_only,3000,600,30,150,m+f+s1+s2,0.5,0.12,0.25,60.0,0.125,2.0,0.0,1.0,0.0,80.0,0.0,10.0,1,0,1,sex_only,5,100001,0,300,25000,800,0.03,100,2020.0,1965.0,,,female - male,,,,,,,,,,,,,,,,,,,,,,,,,,,,,,,,,,,,,,,,,,,,,,,,,,,,,,,,,,,,,,,,,,,,,,,,,,,,,,,,,,72.0,0.0693734947489878,0.1387469894979756,0.0693734947489878
cip_curve,sex_isolation,prespecified_sex_rr_only,3000,600,30,150,m+f+s1+s2,0.5,0.12,0.25,60.0,0.125,2.0,0.0,1.0,0.0,80.0,0.0,10.0,1,0,1,sex_only,5,100001,0,300,25000,800,0.03,100,2020.0,1965.0,,,female - male,,,,,,,,,,,,,,,,,,,,,,,,,,,,,,,,,,,,,,,,,,,,,,,,,,,,,,,,,,,,,,,,,,,,,,,,,,,,,,,,,,74.0,0.07229059242272068,0.14458118484544136,0.07229059242272068
cip_curve,sex_isolation,prespecified_sex_rr_only,3000,600,30,150,m+f+s1+s2,0.5,0.12,0.25,60.0,0.125,2.0,0.0,1.0,0.0,80.0,0.0,10.0,1,0,1,sex_only,5,100001,0,300,25000,800,0.03,100,2020.0,1965.0,,,female - male,,,,,,,,,,,,,,,,,,,,,,,,,,,,,,,,,,,,,,,,,,,,,,,,,,,,,,,,,,,,,,,,,,,,,,,,,,,,,,,,,,76.0,0.07473811040249483,0.14947622080498965,0.07473811040249483
cip_curve,sex_isolation,prespecified_sex_rr_only,3000,600,30,150,m+f+s1+s2,0.5,0.12,0.25,60.0,0.125,2.0,0.0,1.0,0.0,80.0,0.0,10.0,1,0,1,sex_only,5,100001,0,300,25000,800,0.03,100,2020.0,1965.0,,,female - male,,,,,,,,,,,,,,,,,,,,,,,,,,,,,,,,,,,,,,,,,,,,,,,,,,,,,,,,,,,,,,,,,,,,,,,,,,,,,,,,,,78.0,0.07676214335686543,0.15352428671373086,0.07676214335686543
cip_curve,sex_isolation,prespecified_sex_rr_only,3000,600,30,150,m+f+s1+s2,0.5,0.12,0.25,60.0,0.125,2.0,0.0,1.0,0.0,80.0,0.0,10.0,1,0,1,sex_only,5,100001,0,300,25000,800,0.03,100,2020.0,1965.0,,,female - male,,,,,,,,,,,,,,,,,,,,,,,,,,,,,,,,,,,,,,,,,,,,,,,,,,,,,,,,,,,,,,,,,,,,,,,,,,,,,,,,,,80.0,0.07841603372220676,0.15683206744441353,0.07841603372220676
cip_curve,sex_isolation,prespecified_sex_rr_only,3000,600,30,150,m+f+s1+s2,0.5,0.12,0.25,60.0,0.125,2.0,0.0,1.0,0.0,80.0,0.0,10.0,1,0,1,sex_only,5,100001,0,300,25000,800,0.03,100,2020.0,1965.0,,,female - male,,,,,,,,,,,,,,,,,,,,,,,,,,,,,,,,,,,,,,,,,,,,,,,,,,,,,,,,,,,,,,,,,,,,,,,,,,,,,,,,,,82.0,0.07975429240676675,0.1595085848135335,0.07975429240676675
cip_curve,sex_isolation,prespecified_sex_rr_only,3000,600,30,150,m+f+s1+s2,0.5,0.12,0.25,60.0,0.125,2.0,0.0,1.0,0.0,80.0,0.0,10.0,1,0,1,sex_only,5,100001,0,300,25000,800,0.03,100,2020.0,1965.0,,,female - male,,,,,,,,,,,,,,,,,,,,,,,,,,,,,,,,,,,,,,,,,,,,,,,,,,,,,,,,,,,,,,,,,,,,,,,,,,,,,,,,,,84.0,0.08082859495907964,0.16165718991815928,0.08082859495907964
cip_curve,sex_isolation,prespecified_sex_rr_only,3000,600,30,150,m+f+s1+s2,0.5,0.12,0.25,60.0,0.125,2.0,0.0,1.0,0.0,80.0,0.0,10.0,1,0,1,sex_only,5,100001,0,300,25000,800,0.03,100,2020.0,1965.0,,,female - male,,,,,,,,,,,,,,,,,,,,,,,,,,,,,,,,,,,,,,,,,,,,,,,,,,,,,,,,,,,,,,,,,,,,,,,,,,,,,,,,,,86.0,0.08168552232299128,0.16337104464598257,0.08168552232299128
cip_curve,sex_isolation,prespecified_sex_rr_only,3000,600,30,150,m+f+s1+s2,0.5,0.12,0.25,60.0,0.125,2.0,0.0,1.0,0.0,80.0,0.0,10.0,1,0,1,sex_only,5,100001,0,300,25000,800,0.03,100,2020.0,1965.0,,,female - male,,,,,,,,,,,,,,,,,,,,,,,,,,,,,,,,,,,,,,,,,,,,,,,,,,,,,,,,,,,,,,,,,,,,,,,,,,,,,,,,,,88.0,0.08236558848606704,0.16473117697213407,0.08236558848606704
cip_curve,sex_isolation,prespecified_sex_rr_only,3000,600,30,150,m+f+s1+s2,0.5,0.12,0.25,60.0,0.125,2.0,0.0,1.0,0.0,80.0,0.0,10.0,1,0,1,sex_only,5,100001,0,300,25000,800,0.03,100,2020.0,1965.0,,,female - male,,,,,,,,,,,,,,,,,,,,,,,,,,,,,,,,,,,,,,,,,,,,,,,,,,,,,,,,,,,,,,,,,,,,,,,,,,,,,,,,,,90.0,0.0829031192531204,0.1658062385062408,0.0829031192531204
cip_curve,sex_isolation,prespecified_sex_rr_only,3000,600,30,150,m+f+s1+s2,0.5,0.12,0.25,60.0,0.125,2.0,0.0,1.0,0.0,80.0,0.0,10.0,1,0,1,sex_only,5,100001,0,300,25000,800,0.03,100,2020.0,1965.0,,,female - male,,,,,,,,,,,,,,,,,,,,,,,,,,,,,,,,,,,,,,,,,,,,,,,,,,,,,,,,,,,,,,,,,,,,,,,,,,,,,,,,,,92.0,0.0833266332185409,0.1666532664370818,0.0833266332185409
cip_curve,sex_isolation,prespecified_sex_rr_only,3000,600,30,150,m+f+s1+s2,0.5,0.12,0.25,60.0,0.125,2.0,0.0,1.0,0.0,80.0,0.0,10.0,1,0,1,sex_only,5,100001,0,300,25000,800,0.03,100,2020.0,1965.0,,,female - male,,,,,,,,,,,,,,,,,,,,,,,,,,,,,,,,,,,,,,,,,,,,,,,,,,,,,,,,,,,,,,,,,,,,,,,,,,,,,,,,,,94.0,0.08365947541634282,0.16731895083268564,0.08365947541634282
cip_curve,sex_isolation,prespecified_sex_rr_only,3000,600,30,150,m+f+s1+s2,0.5,0.12,0.25,60.0,0.125,2.0,0.0,1.0,0.0,80.0,0.0,10.0,1,0,1,sex_only,5,100001,0,300,25000,800,0.03,100,2020.0,1965.0,,,female - male,,,,,,,,,,,,,,,,,,,,,,,,,,,,,,,,,,,,,,,,,,,,,,,,,,,,,,,,,,,,,,,,,,,,,,,,,,,,,,,,,,96.0,0.08392054074575371,0.16784108149150742,0.08392054074575371
cip_curve,sex_isolation,prespecified_sex_rr_only,3000,600,30,150,m+f+s1+s2,0.5,0.12,0.25,60.0,0.125,2.0,0.0,1.0,0.0,80.0,0.0,10.0,1,0,1,sex_only,5,100001,0,300,25000,800,0.03,100,2020.0,1965.0,,,female - male,,,,,,,,,,,,,,,,,,,,,,,,,,,,,,,,,,,,,,,,,,,,,,,,,,,,,,,,,,,,,,,,,,,,,,,,,,,,,,,,,,98.0,0.08412498997019797,0.16824997994039595,0.08412498997019797
cip_curve,sex_isolation,prespecified_sex_rr_only,3000,600,30,150,m+f+s1+s2,0.5,0.12,0.25,60.0,0.125,2.0,0.0,1.0,0.0,80.0,0.0,10.0,1,0,1,sex_only,5,100001,0,300,25000,800,0.03,100,2020.0,1965.0,,,female - male,,,,,,,,,,,,,,,,,,,,,,,,,,,,,,,,,,,,,,,,,,,,,,,,,,,,,,,,,,,,,,,,,,,,,,,,,,,,,,,,,,100.0,0.08428490650950182,0.16856981301900364,0.08428490650950182
