panel,a2,c2,A_bias,A_sd,C_bias,C_sd,n_fam,reps
recovery,0.4,0.2,-0.0007049577640383942,0.05733016059594238,-0.010319196328412356,0.03351209844723925,3000,25
recovery,0.5,0.1,-0.00792661652211829,0.05295555627405557,0.0011676693187332443,0.03159840925538019,3000,25
recovery,0.3,0.3,-0.0025981867272729664,0.06243823477213994,-0.005983956819812952,0.03750495469613454,3000,25
recovery,0.6,0.0,-0.016879707671703215,0.05662073015506849,0.013398346975342937,0.011806014523067067,3000,25
boundary_null,0.5,0.0,-0.015589828377055026,0.04928318157079791,0.010813427051648106,0.00993831127653944,3000,25
scaling,0.4,0.2,0.026203062165689073,0.0716272237773914,0.020333121275506016,0.0668826944719181,1000,15
scaling,0.4,0.2,0.017938826901862104,0.05189705285698866,0.018616277572048506,0.04400638459385024,2000,15
scaling,0.4,0.2,0.008511915349245058,0.03407922605001298,0.0005152684965426257,0.03230684939441498,4000,15
scaling,0.4,0.2,-0.001151108909183518,0.029312254727796264,-0.0023731861928337206,0.018347564366140073,8000,15
