structure,h2,prevalence,reps,corr_gibbs,se_corr_gibbs,corr_pa,se_corr_pa,slope_gibbs,se_slope_gibbs,slope_pa,se_slope_pa,rmse_gibbs,se_rmse_gibbs,rmse_pa,se_rmse_pa,eff_n_proxy_gibbs,se_eff_n_proxy_gibbs,eff_n_proxy_pa,se_eff_n_proxy_pa,gibbs_pa_corr,se_gibbs_pa_corr,t_gibbs,t_pa
parents,0.2,0.01,5,0.15664032661535543,0.014908296489882905,0.15641329215757097,0.014839900688198841,1.1170749885120808,0.10421706656200211,1.1147621158898948,0.10391878053524438,0.4450472347806567,0.004343864927119658,0.4450626652452935,0.004347290438170765,1.4116906970373304,0.05523631873454327,1.4079226100798592,0.05262943234471786,0.9997147739620924,1.7733437645716153e-05,2.174876024800324,0.0060316668004816165
parents,0.2,0.05,5,0.25033227589231044,0.012152331078316963,0.25020679814402724,0.012057004113541383,1.0048315810580744,0.052663140214237236,1.003170190757185,0.05229770880669262,0.4362309733745483,0.004035344716342452,0.4362458325110962,0.00403096323958695,1.3964863664116942,0.0734447010448375,1.3953798274169018,0.07366149354158524,0.9999278655987631,1.303988406154932e-06,2.1866464832004566,0.006004883199420874
parents,0.2,0.2,5,0.361100279830803,0.017657617448205255,0.3609741847312817,0.017598183652278866,0.9957945418777928,0.045128261172286945,0.9947277167446549,0.04494086982723142,0.42004366537959237,0.0043831337454457815,0.42006624896502187,0.004378740764599617,1.375268229394625,0.022581827718916137,1.3743723344988432,0.022293663116378745,0.9999790213104409,5.163976108820912e-07,2.21111535820055,0.006038316599733662
parents,0.5,0.01,5,0.22658515441271554,0.011468013139462484,0.22663667694578385,0.011501035539491973,1.0262484590026313,0.07690937273795223,1.022090767674602,0.07655557833445603,0.6925403457853497,0.009774005521594227,0.6925287301479214,0.009800700957100497,1.4961957674489954,0.1304953990176467,1.496258996974671,0.1288056702263742,0.9996923129446873,1.2290037097697045e-05,2.214837624800566,0.0059648502003256
parents,0.5,0.05,5,0.3819862651470883,0.00885270825385917,0.3820700671654575,0.008717441316714454,0.9978515221643148,0.02978692734555665,0.9926852352883573,0.02928690984667684,0.6569486609652447,0.009078613389200445,0.6569243745574198,0.009074326533811088,1.3563348620609585,0.026426698522508733,1.3570049822246482,0.026175228348285312,0.9999139543079945,1.0738780775915356e-06,2.1666895331996785,0.0058035501999256665
parents,0.5,0.2,5,0.5543419262006526,0.014492606160221234,0.5543308391959249,0.014451759016820769,1.00682706124146,0.033044379297948775,1.0034798416361752,0.032875305431733795,0.5914432088435057,0.007606334901164549,0.5914449593596797,0.007608661469039307,1.266145077505745,0.010104589217052635,1.266103104650586,0.009758269152086494,0.9999733773710417,4.695482955982646e-07,2.1736172000000806,0.006032100000084029
parents,0.8,0.01,5,0.27747952560511174,0.005747135599611898,0.2777207211988511,0.0058888704378574795,1.0207825927597942,0.031122820415978733,1.0143230391562206,0.03109627830133924,0.8607680461169458,0.012872230272608226,0.8606896659159178,0.012930540959619988,1.4707337910043479,0.0858756129442534,1.4726527738923036,0.083783780648958,0.9995930330713498,2.1236766223937852e-05,2.193583600200509,0.006030850200477289
parents,0.8,0.05,5,0.47269458959352717,0.005416608489967484,0.4729391996220597,0.005262452946584021,1.0076195455025494,0.015231067161914382,0.9982601546490834,0.015083107174801111,0.7894059045061037,0.010027751837293757,0.7892683183266836,0.01003432803522564,1.2714188555146424,0.01872254201342248,1.2727742563123559,0.018718861800034653,0.9998786550307532,3.0846446052511847e-06,2.2177013750006154,0.005950583599769743
parents,0.8,0.2,5,0.6756276948664827,0.010343711379451762,0.675700289891161,0.010323854777621924,1.006320525565195,0.01933276159792952,0.9993633724468888,0.01919085847746264,0.6602197283779224,0.010389525541712763,0.6601399256226048,0.01040438941529515,1.1633968370872085,0.008226709247593184,1.1636422821830703,0.007909187298951985,0.9999496244226052,1.3116883588074845e-06,2.2276692998002545,0.006180583399327588
parents+sibs,0.2,0.01,5,0.16229472681608076,0.010019626357038494,0.16251895738068195,0.01001384555083787,0.990418739442271,0.05438706912340058,0.9897694654039698,0.05393157297827773,0.4467153741102199,0.00225209453511481,0.4466979023525943,0.0022467656759063686,2.2640230086930844,0.1542348104429269,2.2695079086825047,0.15137842917894423,0.9997295154227359,2.1118753492489882e-05,3.715693624800042,0.009493708399895695
parents+sibs,0.2,0.05,5,0.27210238866943254,0.01003014679509763,0.2722592611973795,0.010010151251009396,0.9521149614969865,0.04112318176796068,0.9504639062208575,0.04087353906083365,0.4357246853614399,0.001829464152705584,0.43570728418096544,0.0018257873715327045,2.1076538716966455,0.15197364323095902,2.110129624571692,0.15222481795323736,0.9999323581239749,2.560585477414236e-06,3.7348714164003467,0.008931150000353227
parents+sibs,0.2,0.2,5,0.4044113074337113,0.009087789442030746,0.40443607437265666,0.009082981061739227,0.9842959245441836,0.028631611672682605,0.9834263895074917,0.028606777825727278,0.41412495954381,0.00269503563726897,0.4141210481809884,0.002694793171221138,1.8605836306698067,0.13252145464908016,1.8607989384709753,0.1325253132275299,0.9999806512758951,3.483035755284995e-07,3.7596574079994753,0.008854258800784009
parents+sibs,0.5,0.01,5,0.27399407948278265,0.009596955606643415,0.27388448032354595,0.009565588792898056,1.0452375567682188,0.01565810408240735,1.0357734757345052,0.015306991589604593,0.6893872656652212,0.0038250752227192253,0.6893864697757266,0.003806785761484336,1.5918955076390289,0.1359709444175774,1.590542633155133,0.13547671959729946,0.9997072189612741,2.0725559872074702e-05,3.743860116599899,0.009009583400256815
parents+sibs,0.5,0.05,5,0.43743925714621257,0.009196712534434513,0.43736494875236376,0.009181519341730622,1.036863293697134,0.0202703866082802,1.0273457765627452,0.020035656594797027,0.6447279105755828,0.005533017711755961,0.6447093191553127,0.005531098140019147,1.6604290205348557,0.06808016078206533,1.6598368119944087,0.06779060108770495,0.9999103700567762,1.979702435695607e-06,3.7280057251999095,0.00889395840022189
parents+sibs,0.5,0.2,5,0.5954656136312025,0.005749384201033085,0.5954785629102664,0.005717548057947905,1.025473840126697,0.007461082262616076,1.0218940093661886,0.00725703570195848,0.5758595738403361,0.0056931720273939515,0.5758269934734125,0.005685633640223083,1.458109705895931,0.03410426160566692,1.4581620185438973,0.03393386823639878,0.9999667099622046,1.1320671392870155e-06,3.7353133082000567,0.00881969179972657
parents+sibs,0.8,0.01,5,0.32254654209389566,0.009341557008831903,0.3224789176601554,0.00922263338417378,1.0203434149265163,0.013666458410831351,1.0061103791288288,0.013527570923438448,0.8558353006435192,0.003733040581253236,0.855794259957884,0.0037131448465143185,1.7029425404479883,0.09452027040549366,1.7021836495812277,0.09348091171798975,0.9995843641305875,2.20487834315919e-05,3.6974807916005377,0.009076925199406106
parents+sibs,0.8,0.05,5,0.5283502774987061,0.008149579094970842,0.5283202555520804,0.008229426626300529,1.0373444550648254,0.011556400006513576,1.0228372492746396,0.0115339251923866,0.7678327572737412,0.004037555551280079,0.7676567362080866,0.004131886132089669,1.4245292185505156,0.040351228341088945,1.4243700255327556,0.04060547414320293,0.9998723163025719,6.926182442901647e-06,3.6802042082003026,0.008823757999925875
parents+sibs,0.8,0.2,5,0.6986924264300333,0.004737074575005083,0.6986696095888274,0.0047602015441294485,1.0116334346491862,0.01032823793223534,1.0060641917516258,0.010177363279532527,0.6467655054624355,0.0023415883171974943,0.6467495472433469,0.0024304646521051297,1.2409889947167565,0.013012309763089286,1.2409222179664028,0.013397109155487696,0.9999432478210262,1.7220018271274934e-06,3.687975408399507,0.008927033599320566
extended,0.2,0.01,5,0.15618872442730916,0.01243464799985306,0.15635513825724998,0.012590836305714913,0.9167336746476487,0.07863374471002053,0.9166742506611636,0.07971522700274658,0.43971532785431766,0.004444513678489994,0.4397045731696645,0.004452393829947937,2.522805002560237,0.5270169284928159,2.525107348889165,0.5245813691421335,0.9997421069855168,1.5136361961451504e-05,5.9981420833999435,0.012770216599528794
extended,0.2,0.05,5,0.28203698168728975,0.015410606406713082,0.2821293398268711,0.015377389244723252,0.9882376517163023,0.05304448054649734,0.9867335824907897,0.05283964353628401,0.4270291558490369,0.0036965558324494703,0.42701733276264164,0.003697456981843107,2.098562206701414,0.1678493997188739,2.099888998952858,0.1672900880063619,0.9999292130916798,2.2983267555548267e-06,5.985842816599688,0.012700425000366522
extended,0.2,0.2,5,0.4148273956379359,0.008337903433016916,0.4148326258052778,0.008329098636727067,0.9902314594604377,0.022049860483165144,0.9893691146023725,0.02193694713966158,0.40508217076554087,0.003837344600591232,0.4050811347445948,0.0038393864924702384,1.7169164776136814,0.05634391367228955,1.716944183047072,0.05615261848769976,0.999980684242421,2.4172059121389683e-07,6.116018933600207,0.013285133399767802
extended,0.5,0.01,5,0.2441411961479794,0.013187064212290673,0.24442188614566923,0.012969239777039383,0.988941454415887,0.031232500009586356,0.9828098930870894,0.029874154893834277,0.6844702642701576,0.0032649317390475298,0.6844230121742527,0.0032415109518213934,1.8156789843417922,0.08870128882192237,1.8205111604226807,0.08751888940936157,0.9996561421281317,2.473529158584399e-05,5.98766574120018,0.013216874999852735
extended,0.5,0.05,5,0.41963411714116583,0.01360845707764967,0.4197557535221666,0.013612104316776367,1.0040461789462778,0.03721834401779042,0.9962964150427212,0.036874884689837156,0.6409607781848446,0.003497720387381661,0.6409167857564558,0.00352134892106551,1.7103033951949762,0.09286843420682996,1.7114053220705927,0.09348840058646649,0.9999066827440926,1.7907423202776844e-06,5.967006925200257,0.013054666399693816
extended,0.5,0.2,5,0.5934020196465599,0.005803320263453935,0.593434536632939,0.005787085214977474,1.0082100461963885,0.009956333791638431,1.0049386304544303,0.00978112242300281,0.5682265147172759,0.0014993249774359438,0.5682008163739859,0.0014838028879233093,1.4121478057740018,0.01575561517871595,1.4123024919643032,0.015682885517611832,0.9999692725985385,9.868530904008015e-07,6.058868999999686,0.013130966799508315
extended,0.8,0.01,5,0.2930644840669956,0.006280482608181731,0.29372268881013563,0.00615791164393536,0.9910797314701025,0.01823244427778825,0.9818064404390231,0.01867678910827758,0.8509591226713088,0.003567695829571118,0.8507825994355281,0.003629762255191542,1.824812557992066,0.1286494885219125,1.8340829042863258,0.13318109015528992,0.999509580608343,2.3535262974971454e-05,5.9854557581995325,0.012734933200772503
extended,0.8,0.05,5,0.4975584146522207,0.008157637110380499,0.49788451813536216,0.008128089005077895,1.0015599280614285,0.01608520449215055,0.9899711580154017,0.01567591521262564,0.7720162227802301,0.0031902562201420077,0.771844055039945,0.003240999404908686,1.5101486319297577,0.04613879694572878,1.512157953037946,0.04632494707246648,0.999859949781904,4.331847795183571e-06,6.059804000399163,0.01322144980003941
extended,0.8,0.2,5,0.6944236975065282,0.005236990303051329,0.6944234201279981,0.005209822654675155,0.9973159829978953,0.006925636169072546,0.9919167959208895,0.006819300955654505,0.640395334745049,0.005169586698953957,0.6404143845658521,0.0051835410252711175,1.2284710127044278,0.012250829197460527,1.2284664958643023,0.01208254458510637,0.9999448246367377,1.4820124482069973e-06,6.056961025000055,0.013130308399558999
