structure,prevalence,encoding,seed,engine,seconds,ms_per_family,corr_truth,rmse,max_abs
o+m+f,0.01,classic,1,quadrature,0.004295750055462122,0.02147875027731061,0.1882066356554407,,
o+m+f,0.01,classic,1,pa,0.00019791699014604092,0.0009895849507302046,0.1882926369125864,,
o+m+f,0.01,classic,1,gibbs,0.2886869170470163,1.4434345852350816,0.19013215806878747,,
o+m+f,0.01,classic,1,pa_vs_quadrature,,,0.9999966846939347,0.0008908378977932191,0.00869617980755466
o+m+f,0.01,classic,1,gibbs_vs_quadrature,,,0.9996760633191243,0.003731762053998875,0.012454056092393855
o+m+f,0.01,classic,1,pa_vs_gibbs,,,0.9996693202191099,0.003842807992906074,0.012648940827759227
o+m+f,0.01,classic,2,quadrature,0.00465187500230968,0.0232593750115484,0.15540938302024393,,
o+m+f,0.01,classic,2,pa,0.0001604999415576458,0.000802499707788229,0.1553667102645402,,
o+m+f,0.01,classic,2,gibbs,0.2883684579282999,1.4418422896414995,0.15713035594399338,,
o+m+f,0.01,classic,2,pa_vs_quadrature,,,0.9999985526189259,0.0010824240120969075,0.00869617980755466
o+m+f,0.01,classic,2,gibbs_vs_quadrature,,,0.999740283650434,0.0038303411570401145,0.011979531290096976
o+m+f,0.01,classic,2,pa_vs_gibbs,,,0.9997375839456917,0.003977600875988738,0.011784646554731604
o+m+f,0.01,classic,3,quadrature,0.0077633330365642905,0.03881666518282145,0.4018758071556294,,
o+m+f,0.01,classic,3,pa,0.00014941697008907795,0.0007470848504453897,0.40224900087054727,,
o+m+f,0.01,classic,3,gibbs,0.28797154198400676,1.4398577099200338,0.40411816537430306,,
o+m+f,0.01,classic,3,pa_vs_quadrature,,,0.9999952172544698,0.001250336241695363,0.00869617980755466
o+m+f,0.01,classic,3,gibbs_vs_quadrature,,,0.999896706858243,0.003529833416493095,0.009043945856268863
o+m+f,0.01,classic,3,pa_vs_gibbs,,,0.999892763792431,0.003759476993060019,0.01001831179738355
o+m+f,0.01,pinned,1,quadrature,0.004073624964803457,0.020368124824017286,0.1881786553379579,,
o+m+f,0.01,pinned,1,pa,0.0004102499224245548,0.002051249612122774,0.18818032948406907,,
o+m+f,0.01,pinned,1,gibbs,0.2850047500105575,1.4250237500527874,0.19031244759997862,,
o+m+f,0.01,pinned,1,pa_vs_quadrature,,,0.999999998772789,0.00019372775081500211,0.0001948847353653721
o+m+f,0.01,pinned,1,gibbs_vs_quadrature,,,0.9995799137527813,0.003729589848141789,0.012454056092393855
o+m+f,0.01,pinned,1,pa_vs_gibbs,,,0.9995799269168356,0.003727055973562641,0.012648940827759227
o+m+f,0.01,pinned,2,quadrature,0.003917750087566674,0.01958875043783337,0.15542305232925355,,
o+m+f,0.01,pinned,2,pa,0.00041149999015033245,0.0020574999507516623,0.1554222373578976,,
o+m+f,0.01,pinned,2,gibbs,0.2892526249634102,1.446263124817051,0.1573730387165136,,
o+m+f,0.01,pinned,2,pa_vs_quadrature,,,0.999999999462917,0.0001933294456927284,0.0001948847353653721
o+m+f,0.01,pinned,2,gibbs_vs_quadrature,,,0.999663158460275,0.0038290616647818927,0.011979531290096976
o+m+f,0.01,pinned,2,pa_vs_gibbs,,,0.9996631598584585,0.0038200404405345787,0.011784646554731604
o+m+f,0.01,pinned,3,quadrature,0.005739500047639012,0.02869750023819506,0.4022391935418384,,
o+m+f,0.01,pinned,3,pa,0.0006063340697437525,0.0030316703487187624,0.40224478719398726,,
o+m+f,0.01,pinned,3,gibbs,0.28339833300560713,1.4169916650280356,0.4046402075329191,,
o+m+f,0.01,pinned,3,pa_vs_quadrature,,,0.9999999986335585,0.00019179405310614946,0.0001948847353653721
o+m+f,0.01,pinned,3,gibbs_vs_quadrature,,,0.9998618709174749,0.003566437855832443,0.009043945856268863
o+m+f,0.01,pinned,3,pa_vs_gibbs,,,0.9998618213665138,0.0035658352640012426,0.009238830591634235
o+m+f,0.05,classic,1,quadrature,0.009069874999113381,0.045349374995566905,0.36018384533221426,,
o+m+f,0.05,classic,1,pa,0.0002181660383939743,0.0010908301919698715,0.3605319417061181,,
o+m+f,0.05,classic,1,gibbs,0.2895429170457646,1.4477145852288231,0.3616201219472182,,
o+m+f,0.05,classic,1,pa_vs_quadrature,,,0.9999907181866649,0.001852276824351038,0.009261291032448105
o+m+f,0.05,classic,1,gibbs_vs_quadrature,,,0.9999195964284242,0.003219129899654787,0.010870284467598065
o+m+f,0.05,classic,1,pa_vs_gibbs,,,0.999905112436028,0.0038373055838977484,0.01284639473758542
o+m+f,0.05,classic,2,quadrature,0.00916245800908655,0.045812290045432746,0.3722897804163417,,
o+m+f,0.05,classic,2,pa,0.00015600002370774746,0.0007800001185387373,0.3722531458611311,,
o+m+f,0.05,classic,2,gibbs,0.2947207499528304,1.4736037497641519,0.37369946528475734,,
o+m+f,0.05,classic,2,pa_vs_quadrature,,,0.9999916321177912,0.0024471230124613235,0.009261291032448105
o+m+f,0.05,classic,2,gibbs_vs_quadrature,,,0.9999387746820394,0.0033661028524603637,0.010858125155516082
o+m+f,0.05,classic,2,pa_vs_gibbs,,,0.9999336570868342,0.004166913947833556,0.010975794141711015
o+m+f,0.05,classic,3,quadrature,0.010589417070150375,0.05294708535075188,0.44387668435904587,,
o+m+f,0.05,classic,3,pa,0.00023925001733005047,0.0011962500866502523,0.44376515198151884,,
o+m+f,0.05,classic,3,gibbs,0.2878775830613449,1.4393879153067246,0.4455390773691254,,
o+m+f,0.05,classic,3,pa_vs_quadrature,,,0.9999919533365625,0.0018702715317493027,0.009261291032448105
o+m+f,0.05,classic,3,gibbs_vs_quadrature,,,0.999949872674534,0.0031012473060876623,0.008258071593010882
o+m+f,0.05,classic,3,pa_vs_gibbs,,,0.999943569498999,0.003612439545821136,0.011236145237293438
o+m+f,0.05,pinned,1,quadrature,0.005446000024676323,0.027230000123381615,0.3607324307983869,,
o+m+f,0.05,pinned,1,pa,0.0006841670256108046,0.003420835128054023,0.36073839096027066,,
o+m+f,0.05,pinned,1,gibbs,0.27548900002148,1.3774450001074001,0.3627987695746125,,
o+m+f,0.05,pinned,1,pa_vs_quadrature,,,0.9999999974097727,0.000645534101069789,0.0006781065701846889
o+m+f,0.05,pinned,1,gibbs_vs_quadrature,,,0.9998766818261062,0.003258599188478438,0.010870284467598065
o+m+f,0.05,pinned,1,pa_vs_gibbs,,,0.9998766650938806,0.003304469231749387,0.011548391037782754
o+m+f,0.05,pinned,2,quadrature,0.0056859590113162994,0.028429795056581497,0.3725093558904927,,
o+m+f,0.05,pinned,2,pa,0.0005626670317724347,0.0028133351588621736,0.37250845974748126,,
o+m+f,0.05,pinned,2,gibbs,0.2804758748970926,1.402379374485463,0.37428173276685617,,
o+m+f,0.05,pinned,2,pa_vs_quadrature,,,0.9999999979559135,0.0006336646059710792,0.0006781065701846889
o+m+f,0.05,pinned,2,gibbs_vs_quadrature,,,0.9999104696744853,0.0033270141058893772,0.010858125155516082
o+m+f,0.05,pinned,2,pa_vs_gibbs,,,0.9999105130447501,0.0033640486216750566,0.010478990741701763
o+m+f,0.05,pinned,3,quadrature,0.005607333034276962,0.02803666517138481,0.44192328895857586,,
o+m+f,0.05,pinned,3,pa,0.0007071669679135084,0.003535834839567542,0.4419176353111338,,
o+m+f,0.05,pinned,3,gibbs,0.2764131670119241,1.3820658350596204,0.4438245233958446,,
o+m+f,0.05,pinned,3,pa_vs_quadrature,,,0.9999999974491371,0.0006372717842860058,0.0006781065701846889
o+m+f,0.05,pinned,3,gibbs_vs_quadrature,,,0.9999202139044739,0.0031587039822205355,0.008258071593010882
o+m+f,0.05,pinned,3,pa_vs_gibbs,,,0.9999202572396668,0.003203058836745966,0.008936178163195571
o+m+f,0.2,classic,1,quadrature,0.012112083029933274,0.06056041514966637,0.5040920256261237,,
o+m+f,0.2,classic,1,pa,0.00026424997486174107,0.0013212498743087053,0.5041465825558802,,
o+m+f,0.2,classic,1,gibbs,0.291888999985531,1.4594449999276549,0.5048145179266085,,
o+m+f,0.2,classic,1,pa_vs_quadrature,,,0.9999944769153761,0.001653786414906157,0.0053720498283921225
o+m+f,0.2,classic,1,gibbs_vs_quadrature,,,0.9999761085111573,0.0024180734024797073,0.008433765192125242
o+m+f,0.2,classic,1,pa_vs_gibbs,,,0.999968929753761,0.003031249007255412,0.009408632855045396
o+m+f,0.2,classic,2,quadrature,0.012242540949955583,0.06121270474977791,0.5586329799568214,,
o+m+f,0.2,classic,2,pa,0.00026341702323406935,0.0013170851161703467,0.5588457664237009,,
o+m+f,0.2,classic,2,gibbs,0.29245099995750934,1.4622549997875467,0.5591662942524204,,
o+m+f,0.2,classic,2,pa_vs_quadrature,,,0.9999940165364324,0.0019032840961392186,0.0053720498283921225
o+m+f,0.2,classic,2,gibbs_vs_quadrature,,,0.9999818701860025,0.0024214005832832856,0.008866711817583917
o+m+f,0.2,classic,2,pa_vs_gibbs,,,0.9999778470748273,0.002975465552163871,0.007891844154663763
o+m+f,0.2,classic,3,quadrature,0.01223891694098711,0.06119458470493555,0.6064827680776693,,
o+m+f,0.2,classic,3,pa,0.00023845909163355827,0.0011922954581677914,0.606278870504392,,
o+m+f,0.2,classic,3,gibbs,0.2926985420053825,1.4634927100269124,0.6069837954493873,,
o+m+f,0.2,classic,3,pa_vs_quadrature,,,0.9999939078698641,0.0018264678238224868,0.0053720498283921225
o+m+f,0.2,classic,3,gibbs_vs_quadrature,,,0.9999829772624577,0.002397884239931656,0.006849222149994005
o+m+f,0.2,classic,3,pa_vs_gibbs,,,0.9999766975597407,0.002954176196498183,0.007824089812914159
o+m+f,0.2,pinned,1,quadrature,0.005817915895022452,0.02908957947511226,0.5019196289318173,,
o+m+f,0.2,pinned,1,pa,0.0006249159341678023,0.0031245796708390117,0.5018758074122339,,
o+m+f,0.2,pinned,1,gibbs,0.24021554097998887,1.2010777048999444,0.5034521087043439,,
o+m+f,0.2,pinned,1,pa_vs_quadrature,,,0.9999999345683185,0.0007519725815989556,0.0009748676629201536
o+m+f,0.2,pinned,1,gibbs_vs_quadrature,,,0.9999545247869415,0.0023210907834517315,0.008433765192125242
o+m+f,0.2,pinned,1,pa_vs_gibbs,,,0.9999542201440322,0.0024356894350109196,0.009408632855045396
o+m+f,0.2,pinned,2,quadrature,0.0057045420398935676,0.028522710199467838,0.5603037266794808,,
o+m+f,0.2,pinned,2,pa,0.000622916966676712,0.00311458483338356,0.5603063728269302,,
o+m+f,0.2,pinned,2,gibbs,0.2464132501045242,1.232066250522621,0.5607553200950903,,
o+m+f,0.2,pinned,2,pa_vs_quadrature,,,0.9999999447277157,0.0007411412358222293,0.0009748676629201536
o+m+f,0.2,pinned,2,gibbs_vs_quadrature,,,0.9999660576762694,0.002298400969933607,0.008866711817583917
o+m+f,0.2,pinned,2,pa_vs_gibbs,,,0.999965629528151,0.0023807370800309714,0.007891844154663763
o+m+f,0.2,pinned,3,quadrature,0.005668041063472629,0.028340205317363143,0.601226510580656,,
o+m+f,0.2,pinned,3,pa,0.0006657919147983193,0.0033289595739915967,0.6011892176116238,,
o+m+f,0.2,pinned,3,gibbs,0.23954816698096693,1.1977408349048346,0.6017926199438649,,
o+m+f,0.2,pinned,3,pa_vs_quadrature,,,0.9999999289386603,0.0007574615410267999,0.0009748676629201536
o+m+f,0.2,pinned,3,gibbs_vs_quadrature,,,0.9999681751208853,0.0022553300412895875,0.006849222149994005
o+m+f,0.2,pinned,3,pa_vs_gibbs,,,0.9999681309395284,0.00229383849715239,0.007824089812914159
m+f+s1,0.01,classic,1,quadrature,0.009098708047531545,0.045493540237657726,0.17992231911283962,,
m+f+s1,0.01,classic,1,pa,0.0002436669310554862,0.001218334655277431,0.1799527419291501,,
m+f+s1,0.01,classic,1,gibbs,0.38707508402876556,1.9353754201438278,0.17901997175637774,,
m+f+s1,0.01,classic,1,pa_vs_quadrature,,,0.9999961357881236,0.0012947894059475644,0.012588877052189362
m+f+s1,0.01,classic,1,gibbs_vs_quadrature,,,0.9997292732579874,0.0038683231179970677,0.010104027738832767
m+f+s1,0.01,classic,1,pa_vs_gibbs,,,0.9997210756448636,0.0040321151965165706,0.011536420139266035
m+f+s1,0.01,classic,2,quadrature,0.008828541962429881,0.044142709812149405,0.2794923931341449,,
m+f+s1,0.01,classic,2,pa,0.00021920795552432537,0.0010960397776216269,0.2795605912007346,,
m+f+s1,0.01,classic,2,gibbs,0.3898132909089327,1.9490664545446634,0.27895816725448275,,
m+f+s1,0.01,classic,2,pa_vs_quadrature,,,0.9999941638557476,0.0016969384263093325,0.011293260248808945
m+f+s1,0.01,classic,2,gibbs_vs_quadrature,,,0.9998313067157806,0.003972256512158574,0.011837749425899782
m+f+s1,0.01,classic,2,pa_vs_gibbs,,,0.999824498415683,0.004288408995511827,0.013005447275277637
m+f+s1,0.01,classic,3,quadrature,0.01063891698140651,0.05319458490703255,0.3257031037324078,,
m+f+s1,0.01,classic,3,pa,0.00024220801424235106,0.0012110400712117553,0.3258294701490208,,
m+f+s1,0.01,classic,3,gibbs,0.39789400005247444,1.9894700002623722,0.32596232156013194,,
m+f+s1,0.01,classic,3,pa_vs_quadrature,,,0.999993130907466,0.0014265742230732835,0.011293260248808945
m+f+s1,0.01,classic,3,gibbs_vs_quadrature,,,0.9997837888495815,0.004208106985316083,0.011870372600221488
m+f+s1,0.01,classic,3,pa_vs_gibbs,,,0.9997831675514219,0.004304287760470177,0.011465504961401397
m+f+s1,0.01,pinned,1,quadrature,0.0170270410599187,0.08513520529959351,0.17918580840311535,,
m+f+s1,0.01,pinned,1,pa,0.0005861249519512057,0.0029306247597560287,0.17918681156076074,,
m+f+s1,0.01,pinned,1,gibbs,0.38579616602510214,1.9289808301255107,0.17801939545485312,,
m+f+s1,0.01,pinned,1,pa_vs_quadrature,,,0.9999999991945896,0.00040196316262247514,0.0004048676388200903
m+f+s1,0.01,pinned,1,gibbs_vs_quadrature,,,0.9996441523132765,0.003856006078956612,0.010104027738832767
m+f+s1,0.01,pinned,1,pa_vs_gibbs,,,0.9996441829154079,0.0038468238498109777,0.010508895377652858
m+f+s1,0.01,pinned,2,quadrature,0.007857791963033378,0.03928895981516689,0.2794622923858345,,
m+f+s1,0.01,pinned,2,pa,0.000543957925401628,0.00271978962700814,0.27946092260122335,,
m+f+s1,0.01,pinned,2,gibbs,0.39121591695584357,1.9560795847792178,0.27875972677376626,,
m+f+s1,0.01,pinned,2,pa_vs_quadrature,,,0.9999999993290642,0.0003988475022103494,0.0004048676388200903
m+f+s1,0.01,pinned,2,gibbs_vs_quadrature,,,0.9997777257788428,0.004013336227727871,0.011837749425899782
m+f+s1,0.01,pinned,2,pa_vs_gibbs,,,0.9997776712912401,0.0039982839102917144,0.011432881787079692
m+f+s1,0.01,pinned,3,quadrature,0.009227083064615726,0.04613541532307863,0.3255000073984913,,
m+f+s1,0.01,pinned,3,pa,0.0005732079735025764,0.0028660398675128818,0.3255020898410606,,
m+f+s1,0.01,pinned,3,gibbs,0.38082204095553607,1.9041102047776803,0.32555095499290976,,
m+f+s1,0.01,pinned,3,pa_vs_quadrature,,,0.9999999977025363,0.00039976024465907813,0.0004048676388200903
m+f+s1,0.01,pinned,3,gibbs_vs_quadrature,,,0.9997270432543509,0.004153835320703867,0.011870372600221488
m+f+s1,0.01,pinned,3,pa_vs_gibbs,,,0.9997270044687246,0.0041193873415987636,0.011465504961401397
m+f+s1,0.05,classic,1,quadrature,0.0144583749352023,0.0722918746760115,0.40358033759890005,,
m+f+s1,0.05,classic,1,pa,0.00021249998826533556,0.0010624999413266778,0.40339770181750345,,
m+f+s1,0.05,classic,1,gibbs,0.40040433302056044,2.002021665102802,0.4033493064201259,,
m+f+s1,0.05,classic,1,pa_vs_quadrature,,,0.9999916132116168,0.0024883478237118814,0.009889551301432098
m+f+s1,0.05,classic,1,gibbs_vs_quadrature,,,0.9999423304493711,0.003258386473397654,0.00810238109270825
m+f+s1,0.05,classic,1,pa_vs_gibbs,,,0.9999324769600632,0.004084839997629256,0.01141433869036923
m+f+s1,0.05,classic,2,quadrature,0.014499875018373132,0.07249937509186566,0.4179083530055869,,
m+f+s1,0.05,classic,2,pa,0.0002634169068187475,0.0013170845340937376,0.41806924230265846,,
m+f+s1,0.05,classic,2,gibbs,0.3859729999676347,1.9298649998381734,0.41770783105658144,,
m+f+s1,0.05,classic,2,pa_vs_quadrature,,,0.9999947446991322,0.002911698492892709,0.011166340975349298
m+f+s1,0.05,classic,2,gibbs_vs_quadrature,,,0.999949165243896,0.003380743122787375,0.010172729670470032
m+f+s1,0.05,classic,2,pa_vs_gibbs,,,0.9999439715234409,0.0044055488745259564,0.012452401735019158
m+f+s1,0.05,classic,3,quadrature,0.017698416020721197,0.08849208010360599,0.4279208513825323,,
m+f+s1,0.05,classic,3,pa,0.0002520829439163208,0.001260414719581604,0.4278772480302136,,
m+f+s1,0.05,classic,3,gibbs,0.3841422499390319,1.9207112496951595,0.427862277166995,,
m+f+s1,0.05,classic,3,pa_vs_quadrature,,,0.9999910218102539,0.0026674412333640334,0.014303514303810938
m+f+s1,0.05,classic,3,gibbs_vs_quadrature,,,0.999927776828421,0.0036179111191004974,0.010573549103480295
m+f+s1,0.05,classic,3,pa_vs_gibbs,,,0.9999211934321208,0.00425035564746667,0.013014484619633615
m+f+s1,0.05,pinned,1,quadrature,0.01003404101356864,0.0501702050678432,0.4032065661020395,,
m+f+s1,0.05,pinned,1,pa,0.0008238749578595161,0.004119374789297581,0.40322021576534156,,
m+f+s1,0.05,pinned,1,gibbs,0.3679580419557169,1.8397902097785845,0.40260096669499185,,
m+f+s1,0.05,pinned,1,pa_vs_quadrature,,,0.9999999783522544,0.001120102864528075,0.001211389566476359
m+f+s1,0.05,pinned,1,gibbs_vs_quadrature,,,0.9999167477107833,0.0031928246635916087,0.00810238109270825
m+f+s1,0.05,pinned,1,pa_vs_gibbs,,,0.9999166957317075,0.0033113353002002244,0.009313770659184609
m+f+s1,0.05,pinned,2,quadrature,0.010848750011064112,0.05424375005532056,0.4192631859748333,,
m+f+s1,0.05,pinned,2,pa,0.0008581250440329313,0.004290625220164657,0.4192610958909029,,
m+f+s1,0.05,pinned,2,gibbs,0.37916087498888373,1.8958043749444187,0.41891219354375797,,
m+f+s1,0.05,pinned,2,pa_vs_quadrature,,,0.9999999746636544,0.0011062646383235154,0.001211389566476359
m+f+s1,0.05,pinned,2,gibbs_vs_quadrature,,,0.9999219307601391,0.0034196666003547117,0.010172729670470032
m+f+s1,0.05,pinned,2,pa_vs_gibbs,,,0.9999217249457953,0.003502247935568418,0.010028958346220251
m+f+s1,0.05,pinned,3,quadrature,0.012290791026316583,0.061453955131582916,0.427646308054799,,
m+f+s1,0.05,pinned,3,pa,0.0009056249400600791,0.0045281247003003955,0.42764438767188484,,
m+f+s1,0.05,pinned,3,gibbs,0.3642445000587031,1.8212225002935156,0.4275864516582579,,
m+f+s1,0.05,pinned,3,pa_vs_quadrature,,,0.9999999755171811,0.0011190212373528878,0.001211389566476359
m+f+s1,0.05,pinned,3,gibbs_vs_quadrature,,,0.9998950060372582,0.0035578914602826892,0.010573549103480295
m+f+s1,0.05,pinned,3,pa_vs_gibbs,,,0.9998951243756831,0.0035633974241296037,0.01025840483871808
m+f+s1,0.2,classic,1,quadrature,0.02854974998626858,0.1427487499313429,0.5289609572594479,,
m+f+s1,0.2,classic,1,pa,0.00021837500389665365,0.0010918750194832683,0.5288135700954334,,
m+f+s1,0.2,classic,1,gibbs,0.3864074999000877,1.9320374995004386,0.5291141238153929,,
m+f+s1,0.2,classic,1,pa_vs_quadrature,,,0.9999930872332895,0.002045920085675418,0.012210590936573507
m+f+s1,0.2,classic,1,gibbs_vs_quadrature,,,0.9999829775435229,0.002324960764197379,0.006222279943715192
m+f+s1,0.2,classic,1,pa_vs_gibbs,,,0.9999758485063073,0.0030827196214558506,0.01241544680166451
m+f+s1,0.2,classic,2,quadrature,0.028972625033929944,0.14486312516964972,0.6101861200760609,,
m+f+s1,0.2,classic,2,pa,0.00023391598369926214,0.0011695799184963107,0.6101179633213059,,
m+f+s1,0.2,classic,2,gibbs,0.383108124951832,1.91554062475916,0.6100541492389389,,
m+f+s1,0.2,classic,2,pa_vs_quadrature,,,0.9999920075384319,0.002246777543123919,0.012210590936573507
m+f+s1,0.2,classic,2,gibbs_vs_quadrature,,,0.9999834688981821,0.0024423809863215497,0.007821958841313814
m+f+s1,0.2,classic,2,pa_vs_gibbs,,,0.9999751439507829,0.003307692931896257,0.014752748228710533
m+f+s1,0.2,classic,3,quadrature,0.028791457996703684,0.14395728998351842,0.5535730987025865,,
m+f+s1,0.2,classic,3,pa,0.000207458040677011,0.001037290203385055,0.5537330590616825,,
m+f+s1,0.2,classic,3,gibbs,0.38576700002886355,1.9288350001443177,0.5538791331065368,,
m+f+s1,0.2,classic,3,pa_vs_quadrature,,,0.9999906480276137,0.00244745357850587,0.012210590936573507
m+f+s1,0.2,classic,3,gibbs_vs_quadrature,,,0.9999838909448037,0.002598368546112445,0.00841145009890748
m+f+s1,0.2,classic,3,pa_vs_gibbs,,,0.9999750838677105,0.0035543262299263596,0.013983480622686728
m+f+s1,0.2,pinned,1,quadrature,0.014179417048580945,0.07089708524290472,0.5270756059175622,,
m+f+s1,0.2,pinned,1,pa,0.0010899580083787441,0.005449790041893721,0.5270593845254189,,
m+f+s1,0.2,pinned,1,gibbs,0.32612808304838836,1.6306404152419418,0.5266318479762487,,
m+f+s1,0.2,pinned,1,pa_vs_quadrature,,,0.999999966295547,0.0007086603430006421,0.0009118147681398403
m+f+s1,0.2,pinned,1,gibbs_vs_quadrature,,,0.9999691615531504,0.0021832230222543414,0.00581826557098547
m+f+s1,0.2,pinned,1,pa_vs_gibbs,,,0.99996894419476,0.00226099140903372,0.0067300803391253106
m+f+s1,0.2,pinned,2,quadrature,0.014966499991714954,0.07483249995857477,0.6103339892093644,,
m+f+s1,0.2,pinned,2,pa,0.001344375079497695,0.006721875397488475,0.6103440164747497,,
m+f+s1,0.2,pinned,2,gibbs,0.319101250031963,1.595506250159815,0.6099488738090062,,
m+f+s1,0.2,pinned,2,pa_vs_quadrature,,,0.9999999712717733,0.0007047515694170082,0.0009118147681398403
m+f+s1,0.2,pinned,2,gibbs_vs_quadrature,,,0.999969198016268,0.0023117851356370647,0.007821958841313814
m+f+s1,0.2,pinned,2,pa_vs_gibbs,,,0.9999692379334709,0.0023397629732389916,0.007148855502646767
m+f+s1,0.2,pinned,3,quadrature,0.014666375005617738,0.07333187502808869,0.5517303033636682,,
m+f+s1,0.2,pinned,3,pa,0.0011148329358547926,0.005574164679273963,0.5517167686316762,,
m+f+s1,0.2,pinned,3,gibbs,0.30214795796200633,1.5107397898100317,0.5520690737360204,,
m+f+s1,0.2,pinned,3,pa_vs_quadrature,,,0.9999999582037922,0.0006913180391638984,0.0009118147681398403
m+f+s1,0.2,pinned,3,gibbs_vs_quadrature,,,0.999968281033949,0.002490187244138384,0.00841145009890748
m+f+s1,0.2,pinned,3,pa_vs_gibbs,,,0.999968230597698,0.002535841619227286,0.00784978126318514
m+f+s1+s2,0.01,classic,1,quadrature,0.013821832952089608,0.06910916476044804,0.2965452379419085,,
m+f+s1+s2,0.01,classic,1,pa,0.00025454198475927114,0.0012727099237963557,0.29646160874413224,,
m+f+s1+s2,0.01,classic,1,gibbs,0.4908897919813171,2.4544489599065855,0.2993740450265437,,
m+f+s1+s2,0.01,classic,1,pa_vs_quadrature,,,0.9999920567031841,0.0023681536432551115,0.021683462355961858
m+f+s1+s2,0.01,classic,1,gibbs_vs_quadrature,,,0.9998161483633976,0.004082183055395532,0.011983917537859178
m+f+s1+s2,0.01,classic,1,pa_vs_gibbs,,,0.9998078249923015,0.004644223671729195,0.021160237146166994
m+f+s1+s2,0.01,classic,2,quadrature,0.011478082975372672,0.05739041487686336,0.18231637501384007,,
m+f+s1+s2,0.01,classic,2,pa,0.0002509159967303276,0.001254579983651638,0.18170574386688573,,
m+f+s1+s2,0.01,classic,2,gibbs,0.49156420899089426,2.4578210449544713,0.18417388076357027,,
m+f+s1+s2,0.01,classic,2,pa_vs_quadrature,,,0.9999895777240771,0.0014075566963540553,0.013399909454729242
m+f+s1+s2,0.01,classic,2,gibbs_vs_quadrature,,,0.9995171649115446,0.004362770793818411,0.0151831134967634
m+f+s1+s2,0.01,classic,2,pa_vs_gibbs,,,0.9994952296331544,0.004560740382134172,0.015764099489254946
m+f+s1+s2,0.01,classic,3,quadrature,0.0165459590498358,0.082729795249179,0.3782140848582958,,
m+f+s1+s2,0.01,classic,3,pa,0.0002495830412954092,0.001247915206477046,0.37843041368072106,,
m+f+s1+s2,0.01,classic,3,gibbs,0.49514029105193913,2.4757014552596956,0.37870869244024435,,
m+f+s1+s2,0.01,classic,3,pa_vs_quadrature,,,0.9999917797820248,0.0032006883865799514,0.021683462355961858
m+f+s1+s2,0.01,classic,3,gibbs_vs_quadrature,,,0.9998728456996602,0.00459429176593302,0.012397989191899092
m+f+s1+s2,0.01,classic,3,pa_vs_gibbs,,,0.9998676496763008,0.005502061508364908,0.020960084045904326
m+f+s1+s2,0.01,pinned,1,quadrature,0.011825124965980649,0.059125624829903245,0.2964773687108676,,
m+f+s1+s2,0.01,pinned,1,pa,0.0007689170306548476,0.003844585153274238,0.2964787754737801,,
m+f+s1+s2,0.01,pinned,1,gibbs,0.48438379098661244,2.421918954933062,0.29983215979120975,,
m+f+s1+s2,0.01,pinned,1,pa_vs_quadrature,,,0.9999999971236726,0.0006355540822053652,0.0006422822945582884
m+f+s1+s2,0.01,pinned,1,gibbs_vs_quadrature,,,0.9997527618975239,0.004151746014474714,0.011983917537859178
m+f+s1+s2,0.01,pinned,1,pa_vs_gibbs,,,0.9997527511722023,0.004179488464571127,0.012626199832417466
m+f+s1+s2,0.01,pinned,2,quadrature,0.010888874996453524,0.05444437498226762,0.18273655218222462,,
m+f+s1+s2,0.01,pinned,2,pa,0.0006915420526638627,0.0034577102633193135,0.18273379225180705,,
m+f+s1+s2,0.01,pinned,2,gibbs,0.48385012499056756,2.419250624952838,0.18468530845025039,,
m+f+s1+s2,0.01,pinned,2,pa_vs_quadrature,,,0.9999999979966843,0.0006391314118775325,0.0006422822945582884
m+f+s1+s2,0.01,pinned,2,gibbs_vs_quadrature,,,0.9993806119860102,0.00436452396081634,0.0151831134967634
m+f+s1+s2,0.01,pinned,2,pa_vs_gibbs,,,0.9993805687196782,0.004341431013567791,0.014540831202205111
m+f+s1+s2,0.01,pinned,3,quadrature,0.012699165963567793,0.06349582981783897,0.3782752504549279,,
m+f+s1+s2,0.01,pinned,3,pa,0.0007065000245347619,0.0035325001226738095,0.37827408275381774,,
m+f+s1+s2,0.01,pinned,3,gibbs,0.4780979580245912,2.390489790122956,0.3789081021640498,,
m+f+s1+s2,0.01,pinned,3,pa_vs_quadrature,,,0.999999995790898,0.0006295654248748892,0.0006422822945582884
m+f+s1+s2,0.01,pinned,3,gibbs_vs_quadrature,,,0.999836993151399,0.004563055847983136,0.012397989191899092
m+f+s1+s2,0.01,pinned,3,pa_vs_gibbs,,,0.9998370803481641,0.00453223993205639,0.012302017489299592
m+f+s1+s2,0.05,classic,1,quadrature,0.025438165990635753,0.12719082995317876,0.5671591294317062,,
m+f+s1+s2,0.05,classic,1,pa,0.0002810410223901272,0.001405205111950636,0.567314925295955,,
m+f+s1+s2,0.05,classic,1,gibbs,0.484718665946275,2.423593329731375,0.5688857230279439,,
m+f+s1+s2,0.05,classic,1,pa_vs_quadrature,,,0.999986566359897,0.0033594391858677367,0.017631600336606823
m+f+s1+s2,0.05,classic,1,gibbs_vs_quadrature,,,0.9999507983317159,0.00330697024208567,0.010372503681623346
m+f+s1+s2,0.05,classic,1,pa_vs_gibbs,,,0.9999371326782809,0.004695838691201181,0.019567653791152884
m+f+s1+s2,0.05,classic,2,quadrature,0.02479358296841383,0.12396791484206915,0.42113095381328275,,
m+f+s1+s2,0.05,classic,2,pa,0.00023674999829381704,0.0011837499914690852,0.42105876452092733,,
m+f+s1+s2,0.05,classic,2,gibbs,0.48667587491218,2.4333793745609,0.42180723208482834,,
m+f+s1+s2,0.05,classic,2,pa_vs_quadrature,,,0.9999919663827483,0.003115675792969237,0.01695841534543341
m+f+s1+s2,0.05,classic,2,gibbs_vs_quadrature,,,0.9999267889015662,0.0036330470468485584,0.013024061413875965
m+f+s1+s2,0.05,classic,2,pa_vs_gibbs,,,0.9999145178196536,0.004772884669550113,0.016599823433825378
m+f+s1+s2,0.05,classic,3,quadrature,0.03258712496608496,0.16293562483042479,0.5395545408789523,,
m+f+s1+s2,0.05,classic,3,pa,0.00023637502454221249,0.0011818751227110624,0.5399909591959702,,
m+f+s1+s2,0.05,classic,3,gibbs,0.48296520800795406,2.4148260400397703,0.5397411138254797,,
m+f+s1+s2,0.05,classic,3,pa_vs_quadrature,,,0.9999861780894136,0.0044848350892529925,0.02493729319925231
m+f+s1+s2,0.05,classic,3,gibbs_vs_quadrature,,,0.9999502122142715,0.003749186604678341,0.010574406808928044
m+f+s1+s2,0.05,classic,3,pa_vs_gibbs,,,0.9999371892719374,0.0056789216803050735,0.027738279143134092
m+f+s1+s2,0.05,pinned,1,quadrature,0.019411041983403265,0.09705520991701633,0.5684098273409866,,
m+f+s1+s2,0.05,pinned,1,pa,0.0009907499188557267,0.004953749594278634,0.5684229559317732,,
m+f+s1+s2,0.05,pinned,1,gibbs,0.45669008302502334,2.2834504151251167,0.5704545318613458,,
m+f+s1+s2,0.05,pinned,1,pa_vs_quadrature,,,0.9999999217899327,0.0015461240649491397,0.0017047718694562508
m+f+s1+s2,0.05,pinned,1,gibbs_vs_quadrature,,,0.9999232328617941,0.003365908286195583,0.010372503681623346
m+f+s1+s2,0.05,pinned,1,pa_vs_gibbs,,,0.9999232880827814,0.0036263697199343282,0.012077275551079597
m+f+s1+s2,0.05,pinned,2,quadrature,0.018860333948396146,0.09430166974198073,0.42036517731870954,,
m+f+s1+s2,0.05,pinned,2,pa,0.0009641660144552588,0.004820830072276294,0.42035483613861535,,
m+f+s1+s2,0.05,pinned,2,gibbs,0.458055124967359,2.290275624836795,0.42125580601505047,,
m+f+s1+s2,0.05,pinned,2,pa_vs_quadrature,,,0.9999999120977441,0.0015320198108509946,0.0017047718694562508
m+f+s1+s2,0.05,pinned,2,gibbs_vs_quadrature,,,0.9998909792055062,0.003654534114757683,0.013024061413875965
m+f+s1+s2,0.05,pinned,2,pa_vs_gibbs,,,0.999890950011318,0.0037605854126130387,0.012245917585792299
m+f+s1+s2,0.05,pinned,3,quadrature,0.023360374965704978,0.11680187482852489,0.5396743377186041,,
m+f+s1+s2,0.05,pinned,3,pa,0.0014606670010834932,0.007303335005417466,0.5396785476377743,,
m+f+s1+s2,0.05,pinned,3,gibbs,0.456940166070126,2.28470083035063,0.5400064049920595,,
m+f+s1+s2,0.05,pinned,3,pa_vs_quadrature,,,0.9999999384898429,0.001514300684307713,0.0017047718694562508
m+f+s1+s2,0.05,pinned,3,gibbs_vs_quadrature,,,0.9999271809764194,0.003703046786011112,0.010574406808928044
m+f+s1+s2,0.05,pinned,3,pa_vs_gibbs,,,0.9999272455403958,0.0038086778677297113,0.011639331221449029
m+f+s1+s2,0.2,classic,1,quadrature,0.05784079199656844,0.2892039599828422,0.635754055042084,,
m+f+s1+s2,0.2,classic,1,pa,0.0002451670588925481,0.0012258352944627404,0.6356757724584179,,
m+f+s1+s2,0.2,classic,1,gibbs,0.4818430000450462,2.409215000225231,0.6362294167526654,,
m+f+s1+s2,0.2,classic,1,pa_vs_quadrature,,,0.9999889787929228,0.0022992242516823324,0.011711891545443498
m+f+s1+s2,0.2,classic,1,gibbs_vs_quadrature,,,0.9999837993329247,0.0022667746274072555,0.008109678528811004
m+f+s1+s2,0.2,classic,1,pa_vs_gibbs,,,0.999969264779751,0.003256322483503209,0.010134061656768
m+f+s1+s2,0.2,classic,2,quadrature,0.05535941699054092,0.2767970849527046,0.6113295730930449,,
m+f+s1+s2,0.2,classic,2,pa,0.0002462079282850027,0.0012310396414250135,0.6110361094784243,,
m+f+s1+s2,0.2,classic,2,gibbs,0.4801819999702275,2.4009099998511374,0.6116929546669043,,
m+f+s1+s2,0.2,classic,2,pa_vs_quadrature,,,0.9999859825421552,0.0028891314108654975,0.01911975104820629
m+f+s1+s2,0.2,classic,2,gibbs_vs_quadrature,,,0.999982605031139,0.0025215358921319843,0.0076734693367632376
m+f+s1+s2,0.2,classic,2,pa_vs_gibbs,,,0.9999685361748426,0.0037510536448781035,0.017033959301064217
m+f+s1+s2,0.2,classic,3,quadrature,0.05410775006748736,0.2705387503374368,0.6806837213067845,,
m+f+s1+s2,0.2,classic,3,pa,0.00021058297716081142,0.0010529148858040571,0.6810227112075874,,
m+f+s1+s2,0.2,classic,3,gibbs,0.4843979589641094,2.421989794820547,0.6809080991790797,,
m+f+s1+s2,0.2,classic,3,pa_vs_quadrature,,,0.9999838750387693,0.0027854018287430116,0.01911975104820629
m+f+s1+s2,0.2,classic,3,gibbs_vs_quadrature,,,0.9999806827279498,0.0026155467219803647,0.007612686616633058
m+f+s1+s2,0.2,classic,3,pa_vs_gibbs,,,0.9999695780738502,0.0034835918286156625,0.018576973181971157
m+f+s1+s2,0.2,pinned,1,quadrature,0.0337084160419181,0.1685420802095905,0.6321109936470616,,
m+f+s1+s2,0.2,pinned,1,pa,0.0018706659320741892,0.009353329660370946,0.63211056286528,,
m+f+s1+s2,0.2,pinned,1,gibbs,0.40948775003198534,2.0474387501599267,0.6327746271232805,,
m+f+s1+s2,0.2,pinned,1,pa_vs_quadrature,,,0.9999999768087784,0.00046009454849938483,0.000601362396728311
m+f+s1+s2,0.2,pinned,1,gibbs_vs_quadrature,,,0.999967043550257,0.002274301004281804,0.008109678528811004
m+f+s1+s2,0.2,pinned,1,pa_vs_gibbs,,,0.9999670208777318,0.0022632527132647757,0.008711040925539315
m+f+s1+s2,0.2,pinned,2,quadrature,0.03334004199132323,0.16670020995661616,0.610211347958286,,
m+f+s1+s2,0.2,pinned,2,pa,0.00204287504311651,0.01021437521558255,0.6102082253808659,,
m+f+s1+s2,0.2,pinned,2,gibbs,0.38678912492468953,1.9339456246234477,0.6110471300516422,,
m+f+s1+s2,0.2,pinned,2,pa_vs_quadrature,,,0.9999999775864681,0.0004599610095800202,0.000601362396728311
m+f+s1+s2,0.2,pinned,2,gibbs_vs_quadrature,,,0.9999642557477783,0.002507126331029231,0.007002656941334506
m+f+s1+s2,0.2,pinned,2,pa_vs_gibbs,,,0.999964220873977,0.0024896732890777916,0.006529435851810483
m+f+s1+s2,0.2,pinned,3,quadrature,0.03208695794455707,0.16043478972278535,0.6810061086140656,,
m+f+s1+s2,0.2,pinned,3,pa,0.0017603340093046427,0.008801670046523213,0.6809937673781778,,
m+f+s1+s2,0.2,pinned,3,gibbs,0.3830310000339523,1.9151550001697615,0.6811121100717579,,
m+f+s1+s2,0.2,pinned,3,pa_vs_quadrature,,,0.9999999737441768,0.00045311472185576766,0.000601362396728311
m+f+s1+s2,0.2,pinned,3,gibbs_vs_quadrature,,,0.9999672962455044,0.0023742567493354977,0.007612686616633058
m+f+s1+s2,0.2,pinned,3,pa_vs_gibbs,,,0.9999673525146358,0.0023501732273522214,0.008214049013361369
