rep,panel,estimator,seconds,ms_per_family,corr_with_truth,peak_rss_bytes,rmse,max_abs,ltfhplus_version,ltfgrs_version,python_version,numpy_version,numba_version,numba_threads,omp_num_threads,openblas_num_threads,r_workers,h2,prevalence,tol,n_sim,burn_in
0,personalised,ltfhplus_gibbs,10.276,51.38,0.20858950695762785,461701120,,,,,,,,,,,,,,,,
0,mixture,ltfgrs_pa_mixture,2.041,10.205,0.2076317984539697,269598720,,,,,,,,,,,,,,,,
0,mixture,ltfgrs_pa_nomixture,2.047,10.235000000000001,0.21015653724377453,266010624,,,,,,,,,,,,,,,,
0,personalised,ltpred_gibbs,1.6190479580545798,8.095239790272899,0.2101729169230568,188825600,,,,,,,,,,,,,,,,
0,mixture,ltpred_pa,0.03704012499656528,0.1852006249828264,0.21057362103983915,189677568,,,,,,,,,,,,,,,,
0,mixture,ltpred_pa_mixture,0.041713417042046785,0.20856708521023393,0.20763166523427803,189628416,,,,,,,,,,,,,,,,
0,personalised,lock_gibbs_ltfhplus,,,0.999533806653436,,0.0045506104418793075,0.014043552053683898,,,,,,,,,,,,,,
0,mixture,lock_pa_mixture_ltfgrs,,,0.9999999999968795,,3.8258077980756396e-07,4.084004964322041e-06,,,,,,,,,,,,,,
0,mixture,lock_pa_ltfgrs_nomixture,,,0.9999897124424292,,0.0008627899142400036,0.011681249917507297,,,,,,,,,,,,,,
1,personalised,ltfhplus_gibbs,10.144,50.72,0.35443499855668387,455507968,,,,,,,,,,,,,,,,
1,mixture,ltfgrs_pa_mixture,2.05,10.25,0.3516939179648965,266223616,,,,,,,,,,,,,,,,
1,mixture,ltfgrs_pa_nomixture,1.989,9.945,0.35315616777465886,269615104,,,,,,,,,,,,,,,,
1,personalised,ltpred_gibbs,1.5108852919656783,7.554426459828392,0.3534601293304573,188989440,,,,,,,,,,,,,,,,
1,mixture,ltpred_pa,0.022613874985836446,0.11306937492918223,0.35317187038046177,189693952,,,,,,,,,,,,,,,,
1,mixture,ltpred_pa_mixture,0.017541582928970456,0.08770791464485228,0.3516927769273668,188973056,,,,,,,,,,,,,,,,
1,personalised,lock_gibbs_ltfhplus,,,0.9998787687265006,,0.004608985216926359,0.014180238467968759,,,,,,,,,,,,,,
1,mixture,lock_pa_mixture_ltfgrs,,,0.9999999992225106,,1.1867246315333972e-05,0.00012479789357366933,,,,,,,,,,,,,,
1,mixture,lock_pa_ltfgrs_nomixture,,,0.9999826438797532,,0.0029831998234425413,0.022486514605699837,,,,,,,,,,,,,,
2,personalised,ltfhplus_gibbs,10.269,51.345,0.21785204328352148,459210752,,,,,,,,,,,,,,,,
2,mixture,ltfgrs_pa_mixture,2.045,10.225,0.2170002656413101,266158080,,,,,,,,,,,,,,,,
2,mixture,ltfgrs_pa_nomixture,2.018,10.089999999999998,0.21561885688013946,266895360,,,,,,,,,,,,,,,,
2,personalised,ltpred_gibbs,1.5225602500140667,7.6128012500703335,0.2150530995423937,188383232,,,,,,,,,,,,,,,,
2,mixture,ltpred_pa,0.01932887500151992,0.09664437500759959,0.2152695688547183,189841408,,,,,,,,,,,,,,,,
2,mixture,ltpred_pa_mixture,0.015466500073671341,0.0773325003683567,0.2170029346369604,189644800,,,,,,,,,,,,,,,,
2,personalised,lock_gibbs_ltfhplus,,,0.9996695608647319,,0.0045366089300469216,0.015267711530048952,,,,,,,,,,,,,,
2,mixture,lock_pa_mixture_ltfgrs,,,0.999999995638421,,1.8215263903929777e-05,0.0002515316715159255,,,,,,,,,,,,,,
2,mixture,lock_pa_ltfgrs_nomixture,,,0.9999912289570242,,0.001085923753288066,0.01072377810088121,,,,,,,,,,,,,,
3,meta,environment,,,,,,,2.2.0,1.0.1,3.14.6,2.4.6,0.66.0,4,1,1,1,0.5,0.1,0.01,100000,1000
